date,hormuz_tanker_count_7d,hormuz_tanker_count_index_7d,known_gulf_official_7d_mbd,known_gulf_official_index_7d,core_official_exports_7d_mbd,core_official_exports_index_7d,saudi_gulf_proxy_index_7d,saudi_bypass_proxy_index_7d,uae_gulf_proxy_index_7d,uae_bypass_proxy_index_7d,brent_spot_last_usd,brent_observed,bno_last_close_usd,bno_observed,shock_marker
2025-06-22,,,,,,,,,,,,False,,False,
2025-06-23,,,,,,,,,,,74.34,True,30.64999961853028,True,
2025-06-24,,,,,,,,,,,69.13,True,29.209999084472656,True,
2025-06-25,,,,,,,,,,,68.4,True,29.190000534057617,True,
2025-06-26,,,,,,,,,,,68.57,True,29.309999465942383,True,
2025-06-27,,,,,,,,,,,69.37,True,29.11000061035156,True,
2025-06-28,59.285714285714285,128.0950144266255,,,,,56.04643211644713,83.57857513661982,134.52910201617712,123.4003361721672,69.37,False,29.11000061035156,False,
2025-06-29,58.57142857142857,126.55170099979868,,,,,62.312704088171046,109.92340356138408,95.40203372446432,118.79089922387304,69.37,False,29.11000061035156,False,
2025-06-30,60.0,129.63832785345232,,,,,44.196555731521,97.13552663913158,112.9586989166448,111.89458039498442,68.15,True,29.190000534057617,True,
2025-07-01,57.0,123.15641146077972,,,,,45.77492255417111,107.8845511135202,105.55872313966827,118.65091926534556,67.63,True,29.51000022888184,True,
2025-07-02,55.0,118.83513386566464,,,,,57.22471580023903,97.00230271552736,100.04851075904232,107.79745381816149,70.8,True,30.200000762939453,True,
2025-07-03,54.0,116.67449506810708,,,,,61.48264091412613,109.77448837018213,79.05000190641769,106.6715103726802,70.42,True,30.07999992370605,True,
2025-07-04,52.285714285714285,112.97054284372274,,,,,69.3365816904364,136.35225619328477,65.8608322329908,99.06552570753595,71.03,True,30.07999992370605,False,
2025-07-05,52.85714285714285,114.20519358518418,,,,,70.91889777559281,124.52812680348826,71.86804369473118,99.00896403824724,71.03,False,30.07999992370605,False,
2025-07-06,51.42857142857143,111.11856673153058,,,,,76.02826430271163,112.37863138750338,72.2346608894488,105.86065747338048,71.03,False,30.07999992370605,False,
2025-07-07,48.85714285714285,105.562638394954,5.945662951186547,124.89054676301576,11.939662951186548,103.94017569960158,90.95331063869698,118.43829523180509,71.73516133380073,102.88554079669257,71.95,True,30.520000457763672,True,
2025-07-08,48.57142857142857,104.94531302422332,5.361700263663715,112.62422424647085,11.355700263663715,98.85651591864416,87.02199932563825,150.01854039905837,103.51893127129948,119.46624826797026,72.5,True,30.75,True,
2025-07-09,49.42857142857143,106.79728913641549,5.2060711176526935,109.3551843938672,11.200071117652694,97.5016936890303,73.20127775741831,163.71225901463188,139.827726623171,119.53284725986656,71.98,True,30.71999931335449,True,
2025-07-10,51.42857142857143,111.11856673153058,4.676869118859524,98.23912761096967,10.670869118859525,92.8947505148366,68.13884544091115,148.3122415902825,161.53660838378048,118.81802712281248,70.38,True,30.200000762939453,True,
2025-07-11,51.0,110.19257867543448,5.270891836226234,110.716764263208,11.264891836226235,98.06598741365666,70.93635939080646,129.8141605382281,168.0095034598569,111.12089271723173,72.06,True,30.950000762939453,True,
2025-07-12,51.0,110.19257867543448,4.795933316556481,100.74010906120566,10.789933316556482,93.93125830226322,87.11253861648444,118.4453816107202,204.7807675302355,98.0737297223102,72.06,False,30.950000762939453,False,
2025-07-13,52.142857142857146,112.6618801583574,4.679680333018682,98.29817806106878,10.673680333018682,92.91922340781748,85.5198761163323,111.17900867115848,226.8076858374804,97.99899236073205,72.06,False,30.950000762939453,False,
2025-07-14,57.57142857142857,124.39106220224116,4.405324697869718,92.53525043422935,10.399324697869718,90.53083329679468,70.59482978034698,121.41609288592204,222.88051197707887,102.98333687236922,70.96,True,30.34000015258789,True,
2025-07-15,59.142857142857146,127.78635174126016,4.414220871611974,92.72211740127588,10.408220871611974,90.60827851996426,67.24144897306103,106.48681348950548,209.7846933529077,94.8301824856166,70.27,True,30.200000762939453,True,
2025-07-16,60.142857142857146,129.94699053881772,4.8196798965282985,101.23891354790128,10.8136798965283,94.13798304019144,67.42236436208786,95.63665626459968,219.47260332816265,98.09583895994584,69.67,True,30.15999984741211,True,
2025-07-17,60.0,129.63832785345232,5.360390129476262,112.59670445997314,11.35439012947626,98.84511060693724,58.43726994379605,156.2407860224697,192.3641254174867,94.64367818040796,71.32,True,30.520000457763672,True,
2025-07-18,58.142857142857146,125.6257129437026,4.910925818903475,103.15556325187708,10.904925818903472,94.93232013683496,52.9505040583302,135.8854662907475,188.43790411881216,90.8837513874022,71.06,True,30.39999961853028,True,
2025-07-19,56.71428571428572,122.539086090049,4.785534362097281,100.52167570586148,10.77953436209728,93.84073069206175,56.5543856072328,150.6359664705341,144.80128954079197,103.8310837142266,71.06,False,30.39999961853028,False,
2025-07-20,58.285714285714285,125.93437562906796,4.129292504434987,86.73710616582976,10.123292504434986,88.12784798626703,51.81471574464709,199.8889320141996,153.68345136513614,103.15071600882555,71.06,False,30.39999961853028,False,
2025-07-21,55.142857142857146,119.14379655103,4.268398114485068,89.65906387510262,10.262398114485068,89.33882534873678,51.81471574464709,205.3963644730445,166.24524007105177,103.7449526350939,71.92,True,30.31999969482422,True,
2025-07-22,53.85714285714285,116.36583238274171,3.911174756763649,82.15547330351714,9.905174756763648,86.22903416640897,47.40590269219402,187.4820998096114,165.79277325067926,83.40987959009301,69.69,True,30.209999084472656,True,
2025-07-23,52.85714285714285,114.20519358518418,3.678454226391111,77.2671043327525,9.67245422639111,84.20309650680174,38.10826168084408,194.9762492143019,115.31176452301362,93.36541158238175,69.17,True,30.21999931335449,True,
2025-07-24,50.85714285714285,109.8839159900691,3.300379266945314,69.32551921596286,9.294379266945311,80.91178268386751,53.8991103846294,129.66666262280916,150.10741557138675,112.62282884201356,70.42,True,30.46999931335449,True,
2025-07-25,51.71428571428572,111.73589210226132,3.5971136488964564,75.55851955747532,9.591113648896457,83.494989925329,49.11782639232887,148.282681266808,148.06774277323382,128.8811212343961,69.23,True,30.030000686645508,True,
2025-07-26,53.285714285714285,115.13118164128028,4.32346375993848,90.81573532200366,10.317463759938478,89.81819674195276,45.95707820745614,137.17204899977935,160.84433414861053,120.5070101107817,69.23,False,30.030000686645508,False,
2025-07-27,52.57142857142857,113.58786821445348,4.7806083130365575,100.41820247409134,10.774608313036556,93.79784720305794,40.91377207135125,90.0226244200744,121.57950161711588,109.26697210371069,69.23,False,30.030000686645508,False,
2025-07-28,53.71428571428572,116.05716969737638,4.004288702504923,84.11136143413658,9.998288702504922,87.03963325283203,49.39117410712229,74.41649460327956,139.73568534628996,106.65211392493848,70.87,True,30.979999542236328,True,
2025-07-29,55.142857142857146,119.14379655103,4.473577985389204,93.96893250915774,10.467577985389202,91.12500908934882,62.44296447381169,79.38364128683911,145.01180568248108,106.70569152534388,73.21,True,31.959999084472656,True,
2025-07-30,55.85714285714285,120.6871099778568,4.714676656473986,99.0332869979378,10.708676656473989,93.22388225988524,73.82313972875669,122.945839625727,156.41301699414123,99.57688660254432,73.98,True,32.380001068115234,True,
2025-07-31,57.0,123.15641146077972,4.244838155115275,89.1641794136784,10.238838155115277,89.1337252277046,77.32450364516184,140.26434229036778,123.73872091201986,79.35873480197242,73.43,True,31.84000015258789,True,
2025-08-01,57.57142857142857,124.39106220224116,3.8428015430505087,80.7192721406385,9.895801543050508,86.1474360941521,81.80257566487361,144.6903933267658,143.98482507045136,62.53658903013375,70.55,True,30.940000534057617,True,
2025-08-02,57.142857142857146,123.4650741461451,3.342036657549788,70.20054599296424,9.454036657549787,82.3016726078138,74.44663362675055,157.4617691095445,131.9359908545791,54.42724620016829,70.55,False,30.940000534057617,False,
2025-08-03,54.85714285714285,118.52647118029924,4.686425441575168,98.4398612177683,10.857425441575169,94.51880783037484,104.63871284864425,159.65631942557198,132.57825559907627,66.50526500547846,70.55,False,30.940000534057617,False,
2025-08-04,52.57142857142857,113.58786821445348,4.8481395017115485,101.83671663246504,11.078139501711547,96.44022372659728,99.42176971639596,164.41907469442262,97.17379853687036,61.62929645010432,69.56,True,30.51000022888184,True,
2025-08-05,52.57142857142857,113.58786821445348,4.78040316143236,100.41389319920846,11.06940316143236,96.3641699261422,101.29283890397352,157.6537087441597,76.29281198732667,71.53342107390284,69.14,True,30.100000381469727,True,
2025-08-06,48.0,103.71066228276187,4.195564767928696,88.12917619921438,10.543564767928697,91.78650846000043,99.85968091512828,146.19857722787185,60.032464235513416,73.18049145801068,67.97,True,29.65999984741211,True,
2025-08-07,45.71428571428572,98.77205931691608,4.700477393436766,98.73502694873734,11.107477393436769,96.69562336669114,100.198599442939,130.6334471748002,59.74764827911052,79.11254911909703,66.99,True,29.5,True,
2025-08-08,44.42857142857143,95.9940951486278,4.911734734319248,103.17255477820314,11.318734734319248,98.53471423708908,101.00454274101588,117.4108715230975,62.78929694395677,93.95761361622964,67.17,True,29.549999237060547,True,
2025-08-09,41.85714285714285,90.43816681205124,5.385352462113446,113.12104621919042,11.792352462113444,102.65777114771006,97.71399110996602,113.87213636085669,120.8523398086909,97.60618038408904,67.17,False,29.549999237060547,False,
2025-08-10,43.85714285714285,94.75944440716631,3.875757138163906,81.41151492775973,10.282757138163907,89.51605987427594,86.95737503008112,102.64437637375964,112.40883265967632,89.96669276375458,67.17,False,29.549999237060547,False,
2025-08-11,46.71428571428572,100.9326981144736,3.9117145993027065,82.16681286824229,10.318714599302709,89.82908586535778,105.90159561025638,101.20199456257966,128.21302241442453,93.5321125213646,67.36,True,29.700000762939453,True,
2025-08-12,48.71428571428572,105.2539757095887,4.190984240463878,88.03296075877643,10.597984240463878,92.26025462519053,98.06949001259645,130.92793683571563,131.35540448191162,89.83702140682408,66.8,True,29.450000762939453,True,
2025-08-13,54.142857142857146,116.98315775347244,4.679710114805445,98.29880363699915,11.086710114805443,96.51483479681548,106.83828887197052,127.9795982710886,132.83497098452975,103.64756347790131,66.25,True,29.290000915527344,True,
2025-08-14,56.71428571428572,122.539086090049,4.396785193491385,92.35587542093798,10.803785193491384,94.0518451670909,105.27578437641172,159.84532327463663,154.35822227857062,98.50764046584646,68.12,True,29.81999969482422,True,
2025-08-15,57.57142857142857,124.39106220224116,4.325778381189453,90.86435467966936,10.732778381189451,93.43369869371844,110.71241747502114,161.68717438866025,141.33348857328434,96.7192337282642,67.3,True,29.450000762939453,True,
2025-08-16,58.0,125.31705025833726,4.343967638548053,91.24642583226898,10.750967638548053,93.5920444203464,120.91306878191608,163.90440111721608,94.60212001413208,130.45535320985152,67.3,False,29.450000762939453,False,
2025-08-17,60.42857142857143,130.5643159095484,4.837033293865484,101.6034271941389,11.244033293865485,97.88440435166588,119.08524565070884,177.8753996163397,118.61858255864136,151.58581625175665,67.3,False,29.450000762939453,False,
2025-08-18,59.0,127.4776890558948,5.126984560416007,107.6939460330679,11.533984560416007,100.40856150022162,112.48273151088917,167.10400243137624,157.3079487367517,142.77250444431283,68.18,True,29.65999984741211,True,
2025-08-19,56.85714285714285,122.84774877541432,4.743350471043671,99.63558961898946,11.150350471043671,97.06885293250576,104.55293878363206,128.28319899060918,157.5631162093986,141.44459379122745,66.62,True,29.3700008392334,True,
2025-08-20,53.71428571428572,116.05716969737638,4.853006256442546,101.9389443679263,11.260006256442548,98.02345622804556,125.82213263134092,100.770636554618,169.7750766210368,135.77784698176873,67.61,True,29.84000015258789,True,
2025-08-21,52.42857142857143,113.27920552908812,4.623223385963661,97.11228188024592,11.030223385963662,96.02309222882892,122.42759463380368,75.92528590829264,153.4631714657442,134.9962922133236,68.41,True,30.11000061035156,True,
2025-08-22,55.85714285714285,120.6871099778568,4.738428644671223,99.53220508613344,11.145428644671224,97.02600620391664,127.12545453547592,86.4726522855539,157.32080832006756,128.8222536936975,68.29,True,30.26000022888184,True,
2025-08-23,56.85714285714285,122.84774877541432,4.574544721710505,96.08977101069574,10.981544721710506,95.59932240082117,129.67034623910246,78.53236471116448,185.5600960710271,120.35468695823675,68.29,False,30.26000022888184,False,
2025-08-24,54.285714285714285,117.29182043883782,4.323218727485866,90.81058833717913,10.730218727485866,93.4114157484822,125.6064245660192,78.55220657212679,167.44665854935664,98.10289221367007,68.29,False,30.26000022888184,False,
2025-08-25,54.285714285714285,117.29182043883782,4.284144660049975,89.98982508733,10.691144660049977,93.07125828748948,117.63247190346468,86.25611279270481,112.68495649031942,94.85649654758784,68.29,False,30.64999961853028,True,
2025-08-26,52.285714285714285,112.97054284372274,4.706642085141223,98.86451826432588,11.113642085141224,96.74928980112188,123.81985654066251,83.08900758756967,148.53699849404646,98.76182887890896,66.89,True,30.01000022888184,True,
2025-08-27,51.71428571428572,111.73589210226132,4.674609544290847,98.19166452642374,11.081609544290847,96.47043201948226,107.481006865966,102.29015866198824,153.96064682772223,98.62578246572772,67.75,True,30.200000762939453,True,
2025-08-28,54.0,116.67449506810708,5.062962162800732,106.3491351500939,11.469962162800732,99.85121752124606,101.98307860217663,108.04176749145132,152.0094431999737,103.3842872186941,68.61,True,30.43000030517578,True,
2025-08-29,50.85714285714285,109.8839159900691,5.0448821789469,105.96935932231663,11.4518821789469,99.69382306998756,96.69318834842824,97.3343501846929,138.26147700338677,121.77727397862076,67.83,True,30.31999969482422,True,
2025-08-30,54.0,116.67449506810708,4.696957130007556,98.6610826925571,11.103957130007556,96.66497787855324,93.2195998236994,118.63863728713388,101.36090267855438,94.77823255914758,67.83,False,30.31999969482422,False,
2025-08-31,54.57142857142857,117.90914580956854,4.7325671558697895,99.4090826442348,11.139567155869788,96.97497928813408,97.4379017583914,110.5678591067218,118.94935961837685,108.02926171459896,67.83,False,30.31999969482422,False,
2025-09-01,57.42857142857143,124.0823995168758,5.042838292813856,105.92642684215872,11.457409721385284,99.74194283137292,102.93759250296868,126.2816006490419,155.83469295557563,108.97629666657464,67.09,True,30.31999969482422,False,
2025-09-02,58.285714285714285,125.93437562906796,4.621207442670486,97.06993634835234,11.04335029981334,96.13736796152818,106.08600332232596,130.52482310942992,128.39853381077725,109.19833851939391,68.09,True,31.100000381469727,True,
2025-09-03,57.42857142857143,124.0823995168758,4.437585219014591,93.21289297093573,10.867299504728877,94.6047660239404,103.95460919466576,119.4402079764182,116.33541116899848,87.31873854827629,67.76,True,30.3799991607666,True,
2025-09-04,53.85714285714285,116.36583238274171,4.028998444293276,84.63039744200589,10.466284158578988,91.11374574074942,110.22887760700152,110.5614813656982,123.77194150225247,105.50785914767312,66.41,True,30.06999969482422,True,
2025-09-05,57.285714285714285,123.77373683151043,3.517797263074926,73.89245357394351,9.962654405932067,86.7294205557185,113.4381266520752,105.3577508603582,119.34062434778316,80.39068007762855,64.92,True,29.540000915527344,True,
2025-09-06,55.85714285714285,120.6871099778568,4.326850319564896,90.88687108715904,10.779278890993467,93.83850670035235,119.8933104534378,114.16267789637652,125.97843167286378,88.83288222758088,64.92,False,29.540000915527344,False,
2025-09-07,55.142857142857146,119.14379655103,4.007149131564068,84.17144565890788,10.467149131564067,91.1212757224928,120.89599882909972,118.87036187765824,112.4432439520678,80.60973786156448,64.92,False,29.540000915527344,False,
2025-09-08,53.57142857142857,115.748507012011,3.666269896762292,77.0111686024938,10.126269896762292,88.15376753549484,124.83971278474012,98.35397887659384,82.05521508520238,79.74273021146013,65.44,True,29.729999542236328,True,
2025-09-09,53.285714285714285,115.13118164128028,4.281112109395052,89.92612539353821,10.74111210939505,93.50624757365452,133.07558967549966,102.58292734516712,86.38925187329157,84.79313115701484,67.97,True,29.8799991607666,True,
2025-09-10,54.0,116.67449506810708,4.354892994169769,91.47591641193668,10.81489299416977,94.14854360479954,123.38478489431076,84.30128455197732,96.18789714932184,105.60999568718007,67.62,True,30.43000030517578,True,
2025-09-11,53.142857142857146,114.82251895591492,5.270700576153748,110.71274678437968,11.730700576153748,102.121063546745,130.56356497471455,77.71540645623588,92.67961230841244,82.75758926009429,67.25,True,29.809999465942383,True,
2025-09-12,48.285714285714285,104.32798765349258,5.541089903752318,116.39236085599984,12.001089903752318,104.47492515345806,134.66479249114218,71.41784274835524,115.66885610046025,104.27516741986516,67.87,True,30.06999969482422,True,
2025-09-13,43.71428571428572,94.450781721801,4.9450337977855074,103.87201222763149,11.405033797785508,99.2859866855716,123.07475146830208,34.73621463409321,104.05474724279324,112.1352048585772,67.87,False,30.06999969482422,False,
2025-09-14,41.42857142857143,89.51217875595519,5.304797405658242,111.4289615639026,11.764797405658245,102.41789189642168,122.0539160682312,41.26975475984728,120.69445270242409,115.19794464883948,67.87,False,30.06999969482422,False,
2025-09-15,38.0,82.10427430718647,5.678053904439897,119.26933337750953,12.138053904439898,105.66725883609126,118.86483763661928,48.18656675092471,111.58367606357594,119.70809348701532,67.88,True,30.36000061035156,True,
2025-09-16,40.71428571428572,87.96886532912839,5.580118528807999,117.21216957415798,12.040118528807998,104.8146870179417,102.71401855116753,59.20699953776233,107.29881527464823,112.32225172176462,69.69,True,30.84000015258789,True,
2025-09-17,42.285714285714285,91.36415486814737,4.975721069727444,104.51660816301477,11.435721069727446,99.55313329183905,108.62005903296009,64.50983811392945,127.87926859929186,107.69409652320223,69.19,True,30.549999237060547,True,
2025-09-18,47.0,101.55002348520432,4.770942561733681,100.21517028491374,11.23094256173368,97.7704435972142,88.202926730612,92.25928807365456,159.78163247181456,115.03992463751726,67.83,True,30.39999961853028,True,
2025-09-19,46.42857142857143,100.31537274374288,4.618103732464948,97.00474192550227,11.07810373246495,96.43991233909904,92.42622236086976,107.89902757330394,156.25346290485197,92.00725332197892,67.05,True,29.959999084472656,True,
2025-09-20,48.42857142857143,104.63665033885796,5.182245180744416,108.85471298940892,11.642245180744416,101.35101925169144,95.60531340135012,108.2398823991211,174.6237348821918,77.54387836292418,67.05,False,29.959999084472656,False,
2025-09-21,50.142857142857146,108.34060256324231,4.97052746797628,104.40751490164128,11.43052746797628,99.5079206354402,81.00116912289901,108.40671600557988,168.54139011422637,75.42125591040805,67.05,False,29.959999084472656,False,
2025-09-22,50.57142857142857,109.2665906193384,4.399921244902788,92.42174918113302,10.859921244902788,94.54053492915854,96.56987997033995,109.83036952962703,202.15562648056368,105.3876825553714,66.87,True,29.950000762939453,True,
2025-09-23,49.285714285714285,106.48862645105012,4.320902040014049,90.76192557788558,10.78090204001405,93.85263694800472,103.15963244371372,96.2403145141832,218.37727641221352,125.35408745378535,67.96,True,30.540000915527344,True,
2025-09-24,48.85714285714285,105.562638394954,4.728105045394086,99.31535459042436,11.188105045394083,97.39752360834387,96.01192424683028,117.76093864150432,176.61268376837663,116.1683095939031,69.64,True,31.01000022888184,True,
2025-09-25,43.142857142857146,93.21613098033954,4.462106847037689,93.72797758916369,10.922106847037693,95.0818887712488,111.94925468721176,112.776278478626,133.71347103734772,134.5834055914654,70.48,True,31.25,True,
2025-09-26,43.285714285714285,93.52479366570488,5.007709397928907,105.18853320012408,11.467709397928909,99.8316061823377,88.48430352455041,110.3819935111767,134.77962575040442,136.8618778233886,71.15,True,31.239999771118164,True,
2025-09-27,45.285714285714285,97.84607126081995,4.110158405583915,86.33518831630703,10.570158405583916,92.01801812502832,79.8792521857875,109.7501922139017,123.82552309940183,134.64362952711096,71.15,False,31.239999771118164,False,
2025-09-28,48.85714285714285,105.562638394954,4.635268050924479,97.36528390960476,11.095268050924478,96.58933550822375,96.27894008620044,109.57819567423334,118.36496299880098,130.04395862243496,71.15,False,31.239999771118164,False,
2025-09-29,53.57142857142857,115.748507012011,4.809087949949015,101.01642633151651,11.269087949949014,98.10251648481923,89.78338241938116,107.59947621316346,85.50908483745114,103.47855666750864,69.0,True,30.34000015258789,True,
2025-09-30,54.0,116.67449506810708,4.604489925327302,96.7187795642138,11.064489925327305,96.32139797972286,100.5060217862989,111.62524807484183,84.37553638220211,93.33245118517036,68.52,True,30.049999237060547,True,
2025-10-01,56.85714285714285,122.84774877541432,4.255737927744289,89.39313261442425,10.806880784887143,94.07879369276412,96.25870419567244,125.34174433692829,90.24426918286537,93.34262414727264,66.67,True,29.770000457763672,True,
2025-10-02,61.142857142857146,132.10762933637525,4.191207852639244,88.03765780384501,10.833493566924956,94.31047001831656,107.38256905010728,117.92574756827304,100.5975435244996,70.8816733018829,65.44,True,29.200000762939453,True,
2025-10-03,63.57142857142857,137.3548949875864,3.816758849788152,80.17223706188952,10.550187421216725,91.84416165751274,118.7628748591847,134.27898419069032,132.64636376256394,89.24305605954514,66.13,True,29.280000686645508,True,
2025-10-04,65.42857142857143,141.3675098973361,3.9808714141114256,83.61947382207686,10.805442842682854,94.06627575436242,130.40278756061636,169.97520069981294,141.6262822341517,90.5529266598358,66.13,False,29.280000686645508,False,
2025-10-05,64.85714285714286,140.13285915587468,3.842074610766549,80.70400269614613,10.757788896480834,93.65142656127652,118.99532649199168,154.2817059543932,134.195824481908,104.13288158992782,66.13,False,29.280000686645508,False,
2025-10-06,61.142857142857146,132.10762933637525,3.951969645348653,83.01238295048941,10.958826788205796,95.40155249645576,123.2688854632383,174.48274509373485,132.30689457706865,105.46133480099198,67.09,True,29.790000915527344,True,
2025-10-07,61.142857142857146,132.10762933637525,4.394638580943227,92.31078513966423,11.492638580943227,100.04862601557328,127.10619780094122,165.62274677014764,114.72081904156394,121.98100449965594,67.1,True,29.89999961853028,True,
2025-10-08,54.57142857142857,117.90914580956854,4.628640913276219,97.22607876946142,11.72664091327622,102.08572234201444,133.97246392682004,141.66633174173157,140.29781583549484,119.63959554219326,67.42,True,30.06999969482422,True,
2025-10-09,50.85714285714285,109.8839159900691,4.917986825170898,103.30388194075591,12.0159868251709,104.60460960401257,124.28195289242912,140.4103216960192,135.21649437249567,111.92767643169051,67.23,True,29.61000061035156,True,
2025-10-10,47.42857142857143,102.4760115413004,4.811892421240251,101.0753351455242,11.909892421240247,103.68100974777036,127.25672671564298,124.91899121764926,95.48157262867716,112.78776646756532,64.41,True,28.489999771118164,True,
2025-10-11,42.57142857142857,91.98148023887808,4.8035085441594925,100.89922913325842,11.901508544159494,103.60802429915424,128.3020410155461,91.06330978075168,89.8988464865757,132.643218259317,64.41,False,28.489999771118164,False,
2025-10-12,35.57142857142857,76.8570086559753,5.134566647004703,107.85321018030278,12.232566647004704,106.49003508264026,131.8754708130574,93.85524183932358,96.59059261945336,121.15102643160392,64.41,False,28.489999771118164,False,
2025-10-13,34.714285714285715,75.00503254378313,5.396480283679594,113.35478966060096,12.494480283679597,108.77011195963486,117.19243920008024,110.32307533219672,110.079581096485,126.63805091058884,64.15,True,28.8700008392334,True,
2025-10-14,35.714285714285715,77.16567134134068,5.098591325814736,107.09753708374868,12.196591325814737,106.1768536117208,103.00574176010169,109.25475309375048,110.49442172863706,98.08227501047612,63.0,True,28.25,True,
2025-10-15,37.42857142857143,80.86962356572502,5.550475523997856,116.58950880296533,12.648475523997858,110.11071029989137,112.2375834887025,99.36976067708372,89.7378635546958,101.07393970551706,62.33,True,28.25,True,
2025-10-16,37.142857142857146,80.25229819499431,5.591904982865782,117.45974780113772,12.689904982865782,110.47137251049786,106.5459455309073,106.4816505562959,90.33964442579123,115.13880582915152,61.08,True,27.780000686645508,True,
2025-10-17,36.142857142857146,78.09165939743676,5.95784192600853,125.14637001384888,13.05584192600853,113.65701940193314,114.08263976539168,92.37428988004848,78.59015273266014,94.30837734951656,61.23,True,27.8700008392334,True,
2025-10-18,36.71428571428572,79.32631013889822,6.422894125288417,134.9149397962677,13.520894125288418,117.70550950590494,95.13114079233296,95.67006347948524,104.8782368558712,84.03260051024776,61.23,False,27.8700008392334,False,
2025-10-19,40.142857142857146,86.73421458766693,5.515608701164579,115.85712006796848,12.61360870116458,109.8071788094134,113.59107081822704,124.24831607032564,93.19447192191,90.92579963075832,61.23,False,27.8700008392334,False,
2025-10-20,41.57142857142857,89.82084144132054,5.051389140931328,106.10604013430904,12.14938914093133,105.76593720560076,110.94007124346103,90.42330853073206,90.84652633482436,77.66079960735314,60.71,True,27.75,True,
2025-10-21,40.142857142857146,86.73421458766693,4.9963694786973605,104.95033457959956,12.09436947869736,105.28696611714444,121.99376325171008,96.5761076407753,90.6031468135503,91.75509950133689,61.0,True,27.93000030517578,True,
2025-10-22,44.0,95.0681070925317,5.220842706269289,109.66546632441572,12.31884270626929,107.2411072691243,109.6359986530645,104.15772320807528,83.97260277163882,98.32954580930908,62.28,True,28.799999237060547,True,
2025-10-23,48.285714285714285,104.32798765349258,4.210932609687626,88.45198261720303,11.308932609687629,98.44938230095272,113.7685265227443,84.95788817545524,93.75279216420653,108.73933446933869,66.32,True,29.729999542236328,True,
2025-10-24,53.85714285714285,116.36583238274171,3.681202781284814,77.32483860499445,10.779202781284814,93.8378441308542,97.06275445882892,84.95788817545524,129.82642383970023,118.79863067507075,65.8,True,29.790000915527344,True,
2025-10-25,56.42857142857143,121.92176071931826,4.483936793465468,94.18652257692294,11.581936793465468,100.82600741546446,112.00712280641518,91.07454675303136,102.87476140334807,111.68949347900228,65.8,False,29.790000915527344,False,
2025-10-26,58.142857142857146,125.6257129437026,4.276218865515696,89.82334124506647,11.374218865515695,99.01772873830876,94.67926030142972,62.18763174344537,105.97546889527452,118.48218373394224,65.8,False,29.790000915527344,False,
2025-10-27,59.42857142857143,128.40367711199087,4.321961307342787,90.78417582599756,11.419961307342788,99.41593741973256,101.06162753542466,83.14296530130908,96.46664052471448,121.68734499363656,65.52,True,29.700000762939453,True,
2025-10-28,59.285714285714285,128.0950144266255,4.401862282635421,92.46252129783495,11.49986228263542,100.11151161177128,105.62328683843027,89.17114537643074,101.46032630882044,107.59589352904146,64.03,True,29.07999992370605,True,
2025-10-29,60.0,129.63832785345232,5.0696722901501925,106.49008351538198,12.167672290150191,105.92510030341349,103.8102816012548,78.3364769511537,97.40169893007902,115.7019810111342,65.01,True,29.34000015258789,True,
2025-10-30,58.57142857142857,126.55170099979868,5.738368679721927,120.53626447076256,12.836368679721929,111.74640535247,119.48425171797444,83.56754063230913,76.27030771652393,101.60523960624592,65.11,True,29.25,True,
2025-10-31,55.57142857142857,120.06978460712608,6.355249739027284,133.49404788649076,13.453249739027283,117.1166344746902,117.00496346589831,91.55955877277891,44.96400934473407,92.60054047178436,65.44,True,29.56999969482422,True,
2025-11-01,53.57142857142857,115.748507012011,5.282479678806832,110.96017059275884,12.420479678806831,108.12590316548398,114.61092706230464,85.89966793327439,41.570984472803794,91.15896392214276,65.44,False,29.56999969482422,False,
2025-11-02,50.142857142857146,108.34060256324231,5.897554988173944,123.8800236550586,13.075554988173945,113.82863053982098,121.77508507987534,83.41639829344811,41.5833677752561,85.1352139626411,65.44,False,29.56999969482422,False,
2025-11-03,45.57142857142857,98.4633966315507,6.06914542715965,127.48433555772942,13.287145427159652,115.67062118013,122.31933261947894,72.18489264892449,35.51983610140091,86.43179189245144,65.79,True,29.670000076293945,True,
2025-11-04,45.285714285714285,97.84607126081995,6.706792747299254,140.87832090604357,13.964792747299256,121.56984813533268,115.11088411247844,72.16211500241161,28.030557662508777,97.09020774626096,65.04,True,29.3799991607666,True,
2025-11-05,42.0,90.74682949741664,5.760081435721866,120.99234783620516,13.058081435721864,113.67651534868112,124.28100637496892,74.05863246806612,39.83744119969765,87.03267485395993,63.54,True,29.030000686645508,True,
2025-11-06,40.71428571428572,87.96886532912839,5.789718018942476,121.6148737198614,13.127718018942476,114.28273335706724,99.50927362366296,67.81816472744441,46.87353839692195,92.85554272181508,63.41,True,29.020000457763672,True,
2025-11-07,39.85714285714285,86.11688921693616,5.061780043991506,106.32430436744862,12.439780043991506,108.29392158916671,114.27269394368922,67.46890748091363,42.68905379998745,96.93056006100238,63.72,True,29.1200008392334,True,
2025-11-08,42.142857142857146,91.055492182782,5.091408684394087,106.94666340967864,12.469408684394088,108.55185232823158,127.13136210996876,75.05285142985714,35.932295329235224,99.41099950052968,63.72,False,29.1200008392334,False,
2025-11-09,43.57142857142857,94.14211903643562,5.488903874580869,115.29617666760544,12.866903874580869,112.01222805882576,125.18182988879558,78.25974159090143,46.166618525197855,85.9961178354841,63.72,False,29.1200008392334,False,
2025-11-10,45.85714285714285,99.0807220022814,5.2742067271165896,110.78639460370243,12.652206727116589,110.14319211360062,117.80153950497272,72.60369764280796,49.71824492469028,92.4408927865258,63.01,True,29.31999969482422,True,
2025-11-11,47.285714285714285,102.16734885593506,4.232466847054586,88.90431614181821,11.610466847054584,101.07437445856236,114.6289435325812,76.27646660052896,40.04712384987555,77.53004313446507,63.86,True,29.75,True,
2025-11-12,46.42857142857143,100.31537274374288,4.280385943913441,89.91087205597375,11.65838594391344,101.49153190825244,117.75160254931494,79.20830402568218,33.07151432232209,90.6008074014639,61.88,True,28.670000076293945,True,
2025-11-13,48.142857142857146,104.01932496812722,3.945622032007448,82.87904930757496,11.323622032007448,98.57726037783732,131.78202669276445,88.29415536869267,26.035417125097776,99.2989612779098,62.14,True,28.780000686645508,True,
2025-11-14,49.71428571428572,107.41461450714624,3.9724476720224406,83.44253043259764,11.35044767202244,98.81078972852436,110.7031807701511,82.4339224738593,30.069158828718702,126.13347199031531,63.45,True,29.39999961853028,True,
2025-11-15,46.142857142857146,99.69804737301216,3.542978308528317,74.42138946562751,10.920978308528316,95.07206433219824,102.47866208891374,80.1230543096394,30.069158828718702,123.81552866543528,63.45,False,29.39999961853028,False,
2025-11-16,44.42857142857143,95.9940951486278,4.671741834968636,98.13142737740458,12.049741834968634,104.89846225826771,106.8970055930348,75.13363614948948,24.56728136320488,124.84150580332472,63.45,False,29.39999961853028,False,
2025-11-17,43.285714285714285,93.52479366570488,4.649062806447126,97.65504714943684,12.027062806447123,104.70103103940843,123.94254478662174,75.92700688602918,21.015654963712443,132.89103161612874,63.16,True,29.32999992370605,True,
2025-11-18,40.57142857142857,87.660202643763,4.913003460431816,103.19920477488004,12.291003460431815,106.99875402050066,112.93131550994838,67.41737938280227,38.284646514308726,135.43725621058417,64.86,True,29.71999931335449,True,
2025-11-19,40.142857142857146,86.73421458766693,4.302079662003715,90.36655552405134,11.680079662003717,101.68038555337615,114.1094033625416,71.05906950728128,35.35111360548833,114.20072308382584,63.78,True,29.06999969482422,True,
2025-11-20,39.0,84.26491310474401,5.092915361817922,106.97831164954748,12.47091536181792,108.56496863786242,110.9690542608624,66.62249013649506,55.096646576328766,94.74622163839904,63.64,True,28.84000015258789,True,
2025-11-21,36.85714285714285,79.63497282426356,5.248373840401697,110.2437665784044,12.626373840401696,109.91830513019484,114.26577457466998,80.09592360179295,82.27073217595874,66.06348717124976,62.78,True,28.520000457763672,True,
2025-11-22,35.714285714285715,77.16567134134068,6.276147433888369,131.83247873598205,13.654147433888369,118.8655399326479,116.9279038892264,68.57124433815244,96.58297212563656,60.28782184754924,62.78,False,28.520000457763672,False,
2025-11-23,34.857142857142854,75.3136952291485,5.466180989402416,114.8188752165698,12.844180989402414,111.81441504789686,97.60370550658848,76.78557230858793,99.59282904284086,86.43016421851507,62.78,False,28.520000457763672,False,
2025-11-24,33.42857142857143,72.22706837549488,5.62112182576598,118.07345690548014,12.99912182576598,113.16324523016526,94.08491261350277,67.7501354898593,105.4117904932631,62.43296045618511,64.83,True,28.979999542236328,True,
2025-11-25,32.714285714285715,70.68375494866805,5.341302974066596,112.19577267241054,12.719302974066595,110.72729534375708,94.00938704788702,65.42479086585564,98.94282473431096,71.64464545955452,63.99,True,28.520000457763672,True,
2025-11-26,31.857142857142858,68.83177883647588,6.031641387438859,126.69655124082384,13.409641387438858,116.73700401572312,101.83121150761738,82.54689960056317,97.04508363349596,73.25224475070547,64.81,True,28.81999969482422,True,
2025-11-27,29.857142857142858,64.51050124136081,5.360516900464922,112.59936732502575,12.73851690046492,110.89456127864035,96.6062392962241,91.32054533537044,91.44794999527213,69.05148959993389,64.18,True,28.81999969482422,False,
2025-11-28,29.0,62.65852512916863,6.016951900075597,126.3879938732892,13.3949519000756,116.60912537260592,101.80813606470886,85.06722087871705,67.00914539500987,72.34766496056999,64.07,True,29.170000076293945,True,
2025-11-29,28.857142857142858,62.34986244380326,5.384177597491375,113.09636781306016,12.762177597491377,111.1005383666167,93.38723132975063,97.60828934675445,52.69690544533206,73.68249322788493,64.07,False,29.170000076293945,False,
2025-11-30,30.0,64.81916392672616,4.386016432299537,92.1296741572182,11.76401643229954,102.41109316948508,101.24652482549092,89.39396137631894,40.6905792965316,48.903056499636335,64.07,False,29.170000076293945,False,
2025-12-01,31.714285714285715,68.52311615111051,4.815176746856933,101.1443234526958,12.137462461142649,105.66211005421326,97.76745302719964,83.41771433524664,34.871617846109345,48.45598872511444,64.22,True,29.190000534057617,True,
2025-12-02,30.857142857142858,66.67114003891834,5.084451150666832,106.80051819451042,12.35102257923826,107.5212476436106,104.52878626913088,82.88856429825636,24.0715920544652,41.69829345980634,63.37,True,28.82999992370605,True,
2025-12-03,30.0,64.81916392672616,4.685811660494401,98.42696855039054,11.896668803351544,103.565892162596,99.89652981900907,62.7131373569936,24.0715920544652,51.04344772595779,63.75,True,29.0,True,
2025-12-04,30.142857142857142,65.12782661209152,5.443641068152536,114.34541698121336,12.598783925295391,109.67812241855464,94.5563109472056,59.09554092082598,9.923192721848585,83.7093715943844,64.15,True,29.209999084472656,True,
2025-12-05,30.142857142857142,65.12782661209152,4.821993539863773,101.28751236414,11.921422111292344,103.78138092362984,91.65298287296878,51.89081947782576,33.31465570316436,79.42099333003841,64.42,True,29.43000030517578,True,
2025-12-06,31.571428571428573,68.21445346574517,6.668832020187672,140.08094372482597,13.712546305901958,119.37392857331284,109.78760463935888,43.07627521327979,33.31465570316436,99.812628044328,64.42,False,29.43000030517578,False,
2025-12-07,32.285714285714285,69.75776689257196,7.810220109363846,164.05616460369507,14.798220109363845,128.82521093744933,98.78208710597968,53.7648629989209,37.89540597857248,113.63307179851812,64.42,False,29.43000030517578,False,
2025-12-08,31.142857142857142,67.28846540964906,7.474935641393482,157.0134074091237,14.462935641393482,125.90640773063654,88.40939809106374,50.02598824932028,45.30062084504805,120.82155809898448,63.3,True,28.84000015258789,True,
2025-12-09,33.42857142857143,72.22706837549488,7.423691773877065,155.93701362681222,14.411691773877063,125.46030664596113,90.16887613393936,45.55913991716805,50.86989205275421,118.59679910696136,62.62,True,28.63999938964844,True,
2025-12-10,34.142857142857146,73.7703818023217,7.71682295885717,162.09432766664526,14.70482295885717,128.01214642522694,75.76578521944376,33.785425051653405,53.78877932502045,122.88409225534976,63.12,True,28.93000030517578,True,
2025-12-11,34.142857142857146,73.7703818023217,7.227070809937323,151.80692756355748,14.215070809937322,123.74863206840604,85.45378308678522,38.9423854561536,59.98447893851077,92.62604069678744,61.87,True,28.39999961853028,True,
2025-12-12,33.57142857142857,72.53573106086023,7.831701053265118,164.50737868206463,14.81970105326512,129.01221228685256,88.3042367373844,37.14446989140372,28.14950880818039,93.96317483551223,62.11,True,28.25,True,
2025-12-13,31.714285714285715,68.52311615111051,6.5587790330549085,137.76924562677436,13.546779033054907,117.93084935613496,79.08979134693101,29.21592545921648,40.1580972910827,98.91320255499105,62.11,False,28.25,False,
2025-12-14,31.142857142857142,67.28846540964906,5.843353275152915,122.7414993844661,12.831353275152916,111.70274398328073,94.93247004129444,20.309865672680985,67.41505576097036,105.96482860530789,62.11,False,28.25,False,
2025-12-15,29.857142857142858,64.51050124136081,5.49491662901589,115.4224764923864,12.482916629015891,108.66944510644238,95.4062509879143,25.16069450804809,60.00984089449479,111.42092727950188,61.55,True,27.89999961853028,True,
2025-12-16,27.714285714285715,59.880560960880366,4.922137350251175,103.3910650439498,11.910137350251176,103.6831419657847,97.5136231552058,34.966218246881034,54.44056968678864,124.88843706848994,59.93,True,27.200000762939453,True,
2025-12-17,27.857142857142858,60.18922364624573,4.670843223177571,98.11255175010528,11.658843223177572,101.49551273143408,105.08706837797166,64.72425169310401,67.42017578025352,129.0280188071531,60.61,True,27.90999984741211,True,
2025-12-18,28.285714285714285,61.11521170234181,4.0903026914623695,85.91811270785614,11.078302691462367,96.44164436731737,95.31894291184597,63.40679261879912,61.22447616676321,130.06471146512365,60.69,True,27.57999992370605,True,
2025-12-19,27.571428571428573,59.57189827551501,3.1173833735589085,65.48163210563587,10.105383373558908,87.9719408875912,104.78914384774669,70.52070717770134,75.57172275991196,130.2118803168701,61.35,True,27.93000030517578,True,
2025-12-20,26.714285714285715,57.71992216332282,2.943984205127049,61.83932726402265,9.93198420512705,86.46242256143267,96.69994452478194,74.17211576469252,65.98287920427548,105.61474306949448,61.35,False,27.93000030517578,False,
2025-12-21,25.714285714285715,55.55928336576529,2.738030371399184,57.51320129398607,9.726030371399183,84.66950112376735,100.51101548186467,83.73386806884538,32.6654848861457,109.1214309259006,61.35,False,27.93000030517578,False,
2025-12-22,26.857142857142858,58.02858484868819,2.560590501856548,53.78602023668859,9.548590501856548,83.12480666364918,113.7914714115204,92.55873819981052,32.6654848861457,100.74704852329688,62.22,True,28.600000381469727,True,
2025-12-23,26.142857142857142,56.48527142186137,2.560590501856548,53.78602023668859,9.548590501856548,83.12480666364918,115.71734069618908,87.01668371826595,35.60556665683991,80.57894769626823,63.7,True,28.780000686645508,True,
2025-12-24,25.714285714285715,55.55928336576529,2.129190574702964,44.72432716426441,9.117190574702963,79.36927483595359,110.13500918577812,78.83039756153741,19.70707329110879,67.90302999833287,63.7,True,28.709999084472656,True,
2025-12-25,25.571428571428573,55.25062068039992,2.486304433195428,52.22561766961897,9.474304433195428,82.47811277788063,107.14874659890964,74.36284059149368,34.23506847197476,66.46213164616476,63.7,False,28.709999084472656,False,
2025-12-26,28.285714285714285,61.11521170234181,3.257992726372718,68.43517641130595,10.24599272637272,89.19600901214596,102.0488452463926,67.24892603259147,19.887821878826017,86.07465310291377,63.7,False,28.09000015258789,True,
2025-12-27,31.0,66.9798027242837,2.9582962850039904,62.13995706692636,9.946296285003992,86.58701570138292,102.62961530454592,63.597517445600296,30.50197906346978,88.38296602367033,63.7,False,28.09000015258789,False,
2025-12-28,30.285714285714285,65.43648929745689,2.586188861071448,54.32372193704261,9.574188861071448,83.34765197890607,102.17737578977844,62.18125400242176,32.289818355020635,68.73056655548037,63.7,False,28.09000015258789,False,
2025-12-29,30.285714285714285,65.43648929745689,3.116728847037639,65.4678835672839,10.104728847037638,87.9662429376659,94.56750596406222,60.18208527648253,44.95496000832662,79.15676759436832,63.1,True,28.46999931335449,True,
2025-12-30,31.571428571428573,68.21445346574517,3.4100772536439328,71.62976041666168,10.398077253643931,90.5199737296081,97.2105090982164,70.66699028530627,42.014878237632416,78.83435251547313,62.3,True,28.520000457763672,True,
2025-12-31,34.0,73.46171911695633,4.026387313979615,84.57554981690168,11.014387313979617,95.88523204708486,105.36802087097963,53.40851937347498,46.98903650633283,104.94780367406848,61.35,True,28.31999969482422,True,
2026-01-01,33.57142857142857,72.53573106086023,3.937890405923585,82.71664403554585,10.926604691637872,95.12104454640958,114.45253226112348,50.09502982675043,52.22455389890632,107.20430230785072,61.35,False,28.31999969482422,False,
2026-01-02,31.714285714285715,68.52311615111051,5.467328859229683,114.84298658842474,12.456757430658255,108.4417174323389,115.741721680422,58.309357797185925,59.31554246565477,86.84901897813995,61.98,True,28.25,True,
2026-01-03,31.0,66.9798027242837,5.6051614072501135,117.73820322369932,12.595304264392968,109.6478303938089,136.33360068903917,112.15257590011112,65.33978096826708,100.97302392146236,61.98,False,28.25,False,
2026-01-04,31.285714285714285,67.59712809501443,5.424053917319919,113.9339826303094,12.414911060177062,108.07742581724152,117.13209055236044,110.43888701046664,63.55194167671623,100.96420735430704,61.98,False,28.25,False,
2026-01-05,31.857142857142858,68.83177883647588,5.0637282635890015,106.36522734151276,12.055299692160432,104.94684592331676,129.72416718020028,106.97668474050911,61.967236173469466,90.26944011591868,63.0,True,28.75,True,
2026-01-06,31.285714285714285,67.59712809501443,5.343546023443662,112.24288864003572,12.335831737729375,107.38900448549856,131.18023741928852,110.5673529367993,92.92561137443604,96.30078588712338,62.1,True,28.1299991607666,True,
2026-01-07,30.0,64.81916392672616,5.336794422158038,112.10106910148968,12.32979442215804,107.33644691801912,129.23188018530723,113.8246576221254,101.67370013569084,63.75164762363107,61.08,True,28.030000686645508,True,
2026-01-08,31.142857142857142,67.28846540964906,5.355087170958343,112.48531412483274,12.34808717095834,107.49569358453772,115.52519765177249,112.69427895117964,81.9101875622514,64.80760108984859,63.34,True,29.270000457763672,True,
2026-01-09,33.57142857142857,72.53573106086023,4.111213445723634,86.35734977096536,11.104213445723635,96.66720922299513,114.02382512872806,106.26247897984976,86.97984014409359,76.88494169768528,65.11,True,29.31999969482422,True,
2026-01-10,33.57142857142857,72.53573106086023,3.289634920197769,69.09983078543308,10.282634920197768,89.5149959115053,90.47502557450798,57.587761955657925,67.92169952957168,64.17199441769762,65.11,False,29.31999969482422,False,
2026-01-11,34.285714285714285,74.07904448768704,4.352335060925392,91.42218620824092,11.345335060925391,98.76628213246543,117.2390143868277,49.373433985222434,92.27298752115664,77.83021333622993,65.11,False,29.31999969482422,False,
2026-01-12,34.857142857142854,75.3136952291485,4.516195501008073,94.86412701833518,11.509195501008074,100.19276150646785,94.79780345368398,44.33765066017075,105.18972454063292,94.19674604538076,65.4,True,29.739999771118164,True,
2026-01-13,34.142857142857146,73.7703818023217,3.943029334547121,82.82458887043452,10.93602933454712,95.20309033312049,93.5577023881824,34.21293616820401,82.82238448616555,94.50817432520547,67.58,True,30.440000534057617,True,
2026-01-14,33.714285714285715,72.8443937462256,4.990538759749028,104.82785846827989,11.983538759749027,104.32213449270915,99.48091073839066,31.46676187062688,89.75774828074903,105.73993832309998,68.87,True,30.059999465942383,True,
2026-01-15,33.42857142857143,72.22706837549488,5.171230534491871,108.62334683155986,12.164230534491873,105.89513826099206,123.22116792783204,48.206611079856046,89.75774828074903,117.96607545661948,66.16,True,29.57999992370605,True,
2026-01-16,31.857142857142858,68.83177883647588,4.277699291829294,89.85443807199151,11.270699291829295,98.11654394596565,116.29093027705824,73.65511380584242,84.17252166411394,100.31625748813865,66.97,True,29.84000015258789,True,
2026-01-17,30.285714285714285,65.43648929745689,4.567076613935924,95.93290102480688,11.560076613935925,100.63570464809028,115.64181513057332,71.66515737249284,99.51864829834297,113.07355888289229,66.97,False,29.84000015258789,False,
2026-01-18,28.714285714285715,62.04119975843791,4.191766900164827,88.04940077543787,11.18476690016483,97.36846354165203,112.5787540752978,79.87948534292835,82.9686027112754,111.18043845540376,66.97,False,29.84000015258789,False,
2026-01-19,28.0,60.497886331611085,4.377304718166541,91.9466818231008,11.37030471816654,98.98365431218396,116.15074777735228,90.88645400982725,58.97142954173988,107.99345288799888,66.91,True,29.84000015258789,False,
2026-01-20,29.0,62.65852512916863,5.134067453211517,107.84272445545032,12.127067453211518,105.5716168003268,119.16818016334048,97.70466410000004,58.54218141346544,107.34251895294712,67.68,True,29.780000686645508,True,
2026-01-21,28.285714285714285,61.11521170234181,3.244721213676642,68.1564040539434,10.237721213676643,89.12400174640936,112.61765920676451,92.88025733458788,37.88457058892672,93.6762973042277,66.72,True,30.40999984741211,True,
2026-01-22,28.714285714285715,62.04119975843791,2.92300792585171,61.39871382709244,9.916007925851712,86.32334181169179,106.65939707199648,76.03077172014339,55.205119543002304,87.93888231803177,65.46,True,29.86000061035156,True,
2026-01-23,28.0,60.497886331611085,3.1383599094141603,65.92225093210897,10.131359909414162,88.1980784018494,100.86184707426042,58.4702185985591,59.703949509879806,98.5779017240996,68.16,True,30.690000534057617,True,
2026-01-24,27.714285714285715,59.880560960880366,3.022979555231754,63.49864978992257,10.015979555231754,87.19364014131962,110.67990949604392,64.10723055756625,51.05111692133498,85.74803319968296,68.16,False,30.690000534057617,False,
2026-01-25,30.714285714285715,66.36247735355299,2.6851264096016543,56.4019367017837,9.678126409601656,84.25247543164366,87.45266477002022,55.89290258713076,43.88475690792975,73.54386966430441,68.16,False,30.690000534057617,False,
2026-01-26,29.285714285714285,63.27585049989934,2.860322568810436,60.081987907847854,9.853322568810436,85.77763737670898,107.33987784879982,56.42296372998158,43.88475690792975,63.69047421152264,67.7,True,30.56999969482422,True,
2026-01-27,28.857142857142858,62.34986244380326,3.008807760100137,63.20096671284067,10.001807760100135,87.07026824363865,103.89892785718068,43.24867668888616,46.28211663460873,71.97180792076414,70.28,True,31.420000076293945,True,
2026-01-28,28.714285714285715,62.04119975843791,3.008807760100137,63.20096671284067,10.00180776010014,87.07026824363867,112.48119749983304,45.98624609778065,46.28211663460873,98.67678291573384,70.9,True,31.799999237060547,True,
2026-01-29,29.142857142857142,62.96718781453399,3.8645466205828094,81.17603443017785,10.85754662058281,94.51986274854104,103.64353133559756,55.25057295546759,35.448274901652525,112.15514386429768,71.0,True,32.790000915527344,True,
2026-01-30,31.285714285714285,67.59712809501443,5.003594346159381,105.10209522513732,11.996594346159382,104.43578928773157,141.22226545527047,60.81236806399001,24.374030402819454,115.74674204438426,72.25,True,32.95000076293945,True,
2026-01-31,34.0,73.46171911695633,5.561376233470098,116.81848168240198,12.554376233470096,109.29153334065472,131.541709173478,52.8922260525164,37.70096431602819,110.76755183354555,72.25,False,32.95000076293945,False,
2026-02-01,30.857142857142858,66.67114003891834,5.869936900354172,123.29989691113138,12.903365471782744,112.32964278275432,167.4165813106942,73.31243676830421,40.00616369561024,106.51620315125191,72.25,False,32.95000076293945,False,
2026-02-02,34.0,73.46171911695633,6.009632810809513,126.2342540687034,13.083489953666655,113.897708009667,147.99306387180354,58.596862313170696,51.49751116069724,112.98973367516942,67.72,True,31.280000686645508,True,
2026-02-03,34.42857142857143,74.3877071730524,5.402549061539778,113.48226627529712,12.516834775825492,108.96471794230116,138.39015466027894,58.635533695250345,48.694955489353084,127.96365569226434,70.01,True,32.119998931884766,True,
2026-02-04,33.285714285714285,71.9184056901295,6.015461557336328,126.35668874867991,13.170175843050613,114.652347953029,125.0598923290979,65.74469025688097,59.45497368845904,128.85765560181346,71.15,True,32.310001373291016,True,
2026-02-05,32.57142857142857,70.37509226330269,5.815695587867503,122.16054084113222,13.010838445010362,113.26524370933886,136.33193612385057,56.66481171895609,56.24341182554132,109.96578678039054,69.87,True,31.82999992370605,True,
2026-02-06,31.857142857142858,68.83177883647588,5.177192677725233,108.74858355190663,12.41276410629666,108.05873561095513,119.19246323197406,76.55394895204807,60.58387840528845,112.855993133398,70.45,True,32.02000045776367,True,
2026-02-07,31.857142857142858,68.83177883647588,4.445413822490294,93.37733528401306,11.721413822490296,102.0402181483946,118.8139215249682,80.41106499554667,53.10781676035983,123.99348768247796,70.45,False,32.02000045776367,False,
2026-02-08,33.714285714285715,72.8443937462256,4.513532175711104,94.8081830209581,11.789532175711102,102.63321927674174,111.3878719177256,80.6891547509728,50.1677349896656,130.1279194696525,70.45,False,32.02000045776367,False,
2026-02-09,32.57142857142857,70.37509226330269,3.7781392755460064,79.36102058654359,11.054139275546008,96.23129088362882,111.21439811424774,99.77975831431552,49.74205896786778,127.42896480416807,71.19,True,32.52000045776367,True,
2026-02-10,33.42857142857143,72.22706837549488,4.58964356129709,96.40692695225133,11.865643561297093,103.29580337336915,125.99511685682212,97.882835912723,53.179973311187645,106.83644799823196,71.01,True,32.59000015258789,True,
2026-02-11,37.57142857142857,81.17828625109038,4.859865160676979,102.08301783913822,12.13586516067698,105.64820482994308,134.29685830739697,89.47666954165682,63.64314946208604,87.78574532851867,71.52,True,32.900001525878906,True,
2026-02-12,37.0,79.94363550962895,4.6896928419287125,98.50849400438906,11.965692841928712,104.1667776923248,142.16656349519923,99.32390168210443,68.33713551280319,88.23023595264131,69.8,True,31.8799991607666,True,
2026-02-13,39.85714285714285,86.11688921693616,4.353531535314235,91.44731853441505,11.629531535314234,101.24034120783054,138.31309508360704,67.4372212437646,64.49235824179573,71.20286762532582,69.96,True,31.88999938964844,True,
2026-02-14,41.71428571428572,90.12950412668592,4.513737098300365,94.81248748530918,11.789737098300364,102.63500322072908,151.3721312046468,70.92209992625051,56.91973065178233,61.46164603465861,69.96,False,31.88999938964844,False,
2026-02-15,43.142857142857146,93.21613098033954,4.0772130498604735,85.64316061083785,11.353213049860472,98.83486359556196,131.87220695974645,50.22379945503657,63.78722442330993,58.30368731911892,69.96,False,31.88999938964844,False,
2026-02-16,43.42857142857143,93.83345635107028,4.404294545196369,92.51361174874044,11.68029454519637,101.68225620892908,154.34654600399648,46.831246166416186,53.4300207645514,55.39503399483264,70.81,True,31.88999938964844,False,
2026-02-17,43.57142857142857,94.14211903643562,4.193975549818269,88.09579416589592,11.469975549818267,99.85133406129918,141.46271352868936,55.04557413685168,78.83103177940056,57.76384213022416,69.77,True,31.780000686645508,True,
2026-02-18,44.285714285714285,95.68543246326244,4.1907091495246105,88.02718238585203,11.46670914952461,99.82289856677843,143.15919920266333,82.93138627370057,76.83791543565967,67.11727040555215,71.78,True,33.27000045776367,True,
2026-02-19,48.71428571428572,105.2539757095887,3.851411025039099,80.90011705595393,11.127411025039098,96.86915466146452,122.58719706070995,78.99753486994969,74.42495751069941,66.43012072541623,73.17,True,34.0099983215332,True,
2026-02-20,48.85714285714285,105.562638394954,3.9192161979280473,82.32438634013384,11.19521619792805,97.45942941312484,129.6498492403096,97.9970278472409,106.1818175794076,84.8380278297596,72.75,True,33.880001068115234,True,
2026-02-21,48.85714285714285,105.562638394954,5.083026643552841,106.77059596820952,12.35902664355284,107.59092665000884,113.86670323033816,109.19897316829004,103.99283073053174,93.87026178164466,72.75,False,33.880001068115234,False,
2026-02-22,52.71428571428572,113.89653089981886,5.335776756564042,112.07969271108551,12.61177675656404,109.79123090163492,123.69230515326996,110.98150116739566,101.70977841110478,94.76493988866726,72.75,False,33.880001068115234,False,
2026-02-23,57.0,123.15641146077972,5.328957890846325,111.93646026168824,12.604957890846324,109.73186958602082,107.16614293705707,107.71984342073596,121.85860220315618,97.53279941745788,71.9,True,33.88999938964844,True,
2026-02-24,58.285714285714285,125.93437562906796,5.233476416812349,109.93084144411596,12.50947641681235,108.9006600931128,107.11911081084608,99.50551545030046,106.50723647942812,100.0154090889003,71.21,True,33.90999984741211,True,
2026-02-25,59.0,127.4776890558948,5.25154161580297,110.3103067111256,12.52754161580297,109.0579258354382,93.29956422981807,88.95835154100821,87.27715847316469,82.48549643373175,70.69,True,33.650001525878906,True,
2026-02-26,56.42857142857143,121.92176071931826,5.31318000908823,111.60504082272767,12.58918000908823,109.59451597655892,117.90477518519856,83.95445692107457,88.21281222960867,91.23899122401411,71.66,True,33.810001373291016,True,
2026-02-27,53.85714285714285,116.36583238274171,5.402752395198752,113.48653736366067,12.678752395198751,110.37428418176066,111.36384995735688,92.23883880878525,91.15325121095054,85.96627714665073,71.32,True,34.810001373291016,True,
2026-02-28,51.42857142857143,111.11856673153058,4.1454624356565,87.07676072882046,11.421462435656505,99.42900542184564,121.1641243785956,110.6030885333284,107.57422468399604,85.95176372071812,71.32,False,34.810001373291016,False,
2026-03-01,42.285714285714285,91.36415486814737,3.6030200696538808,75.68258580944138,10.55016292679674,91.84394842248868,126.8675448468434,125.90804724623072,108.9980663255788,80.98966408621128,71.32,False,34.810001373291016,False,
2026-03-02,33.142857142857146,71.60974300476414,3.828180652674143,80.41215567469385,10.446466366959855,90.9412228855154,120.7807521686895,131.6910386108893,96.1330057797977,72.17391076786292,77.24,True,37.34000015258789,True,hormuz_below_75pct
2026-03-03,26.285714285714285,56.79393410722673,3.518931893526791,73.9162868484952,9.808360464955362,85.38622189089278,130.0078613099895,133.4735666099949,109.94562710361156,58.96791392465101,83.28,True,38.61000061035156,True,
2026-03-04,17.857142857142858,38.58283567067034,3.0029266972749875,63.0774331123304,8.963498125846417,78.03131243256229,129.58127568224617,122.90868675341484,109.94562710361156,56.07770757164354,81.56,True,38.900001525878906,True,hormuz_below_50pct
2026-03-05,11.571428571428571,25.001677514594377,3.666763570697736,77.02153838097374,9.298477856412022,80.94746276219401,104.91822924619538,116.29972730920704,103.453799863209,37.39445229306491,88.59,True,40.2400016784668,True,
2026-03-06,6.285714285714286,13.58115815607596,2.964228286760831,62.264560655944656,8.267085429617975,71.96872437615288,96.5781048806836,153.0769203048387,68.2608115044193,22.360577619313823,95.74,True,43.95000076293945,True,hormuz_below_25pct
2026-03-07,1.2857142857142858,2.7779641682882645,3.01496407852902,63.33028214510493,7.988964078529021,69.54755200167445,89.54969052231597,137.0953136395271,49.05728615629875,8.177026937819354,95.74,False,43.95000076293945,False,hormuz_below_10pct|hormuz_below_5pct
2026-03-08,0.5714285714285714,1.2346507414614507,3.01496407852902,63.33028214510493,7.988964078529021,69.54755200167445,73.60573445971323,131.3180926119851,43.04900306261537,3.518624131939485,95.74,False,43.95000076293945,False,
2026-03-09,0.5714285714285714,1.2346507414614507,2.362811269574381,49.63160437745124,7.336811269574381,63.87026631757583,64.47037223498454,166.72872805082852,35.05677203181442,0.0,94.35,True,42.720001220703125,True,
2026-03-10,0.5714285714285714,1.2346507414614507,1.8681920353177797,39.24196959442282,6.84219203531778,59.56438177768399,45.47539873582375,190.8787024576118,0.0,0.0,89.84,True,43.369998931884766,True,
2026-03-11,0.5714285714285714,1.2346507414614507,1.6404514280167064,34.45820549620799,6.614451428016706,57.58179660475371,36.3786805342969,190.8787024576118,0.0,0.0,90.98,True,44.040000915527344,True,
2026-03-12,0.4285714285714285,0.9259880560960878,0.5972923827009522,12.54631701550112,5.571292382700952,48.50062447317583,109.8535344762404,191.68169042267917,0.0,0.0,102.38,True,48.25,True,hormuz_below_1pct
2026-03-13,0.4285714285714285,0.9259880560960878,0.5972923827009522,12.54631701550112,5.571292382700952,48.50062447317583,100.95901198732793,168.60661846333474,0.0,0.0,103.23,True,49.040000915527344,True,
2026-03-14,0.2857142857142857,0.6173253707307254,0.6856450525082346,14.402193026434706,5.6596450525082345,49.26977449531989,91.92087995273288,160.9942277647462,0.0,0.0,103.23,False,49.040000915527344,False,
2026-03-15,0.5714285714285714,1.2346507414614507,0.9584555346256864,20.132664220993597,5.932455534625687,51.64471334911418,82.9132323080623,179.3534157900643,0.0,0.6137687135047287,103.23,False,49.040000915527344,False,
2026-03-16,0.4285714285714285,0.9259880560960878,0.9250345456382796,19.430645687103272,5.89903454563828,51.35376849735349,82.9132323080623,148.26101719412463,0.0,1.999190512341701,101.04,True,47.65999984741211,True,
2026-03-17,0.4285714285714285,0.9259880560960878,0.9250345456382796,19.430645687103272,5.89903454563828,51.35376849735349,82.9132323080623,159.93764866850216,0.0,1.999190512341701,108.39,True,49.400001525878906,True,
2026-03-18,0.4285714285714285,0.9259880560960878,0.7708474553177574,16.19189667424751,5.744847455317758,50.01150001590253,82.9132323080623,162.57965319602707,0.0,1.999190512341701,118.09,True,52.15999984741211,True,
2026-03-19,0.4285714285714285,0.9259880560960878,0.6253235992410746,13.1351216599739,5.599323599241075,48.74464891374552,0.4199273669889044,164.00431905991925,0.0,1.999190512341701,111.05,True,51.13999938964844,True,
2026-03-20,0.7142857142857143,1.5433134268268134,0.6253235992410746,13.1351216599739,5.599323599241075,48.74464891374552,0.0,129.31912635401488,0.0,2.56345081028196,118.42,True,52.91999816894531,True,
2026-03-21,0.7142857142857143,1.5433134268268134,0.4195090885969305,8.811922215750442,5.393509088596931,46.95294034664951,0.0,183.65828974701384,0.0,2.56345081028196,118.42,False,52.91999816894531,False,
2026-03-22,0.4285714285714285,0.9259880560960878,0.1466986064794787,3.081451021191556,5.120698606479479,44.57800149285522,0.0,205.6518790499268,0.0,1.949682096777232,118.42,False,52.91999816894531,False,
2026-03-23,0.7142857142857143,1.5433134268268134,0.1743866375086719,3.663046944542239,5.148386637508672,44.81903834805927,0.0,241.77985850294908,0.0,0.564260297940259,103.79,True,47.880001068115234,True,
2026-03-24,0.7142857142857143,1.5433134268268134,0.1743866375086719,3.663046944542239,5.148386637508672,44.81903834805927,0.0,218.3124036196762,0.0,0.564260297940259,108.42,True,49.70000076293945,True,
2026-03-25,1.0,2.1606387975575387,0.1743866375086719,3.663046944542239,5.148386637508672,44.81903834805927,0.0,223.2169877008137,0.0,0.564260297940259,109.14,True,48.77000045776367,True,
2026-03-26,1.0,2.1606387975575387,0.1743866375086719,3.663046944542239,5.148386637508672,44.81903834805927,0.0,245.45748669192625,0.0,5.981837355640231,113.39,True,50.54999923706055,True,
2026-03-27,0.7142857142857143,1.5433134268268134,0.1743866375086719,3.663046944542239,5.148386637508672,44.81903834805927,0.0,290.5785871581555,0.0,7.294149466835424,121.47,True,52.70000076293945,True,
2026-03-28,0.8571428571428571,1.851976112192176,0.1743866375086719,3.663046944542239,5.148386637508672,44.81903834805927,0.0,258.0338858205547,0.0,7.294149466835424,121.47,False,52.70000076293945,False,
2026-03-29,1.1428571428571428,2.4693014829229014,0.1743866375086719,3.663046944542239,5.148386637508672,44.81903834805927,0.0,275.9711305984698,0.0,7.907918180340154,121.47,False,52.70000076293945,False,
2026-03-30,1.2857142857142858,2.7779641682882645,0.0,0.0,4.974,43.3009236561774,0.0,242.75109735025825,0.0,9.10520800003214,121.88,True,53.9900016784668,True,
2026-03-31,1.4285714285714286,3.0866268536536268,0.0,0.0,4.974,43.3009236561774,0.0,282.3856195584499,0.0,9.10520800003214,126.69,True,52.0099983215332,True,
2026-04-01,1.2857142857142858,2.7779641682882645,0.0,0.0,4.832857142857143,42.072211134714266,0.0,286.46889232332524,0.0,10.367876056168166,119.56,True,50.33000183105469,True,
2026-04-02,1.2857142857142858,2.7779641682882645,0.0,0.0,4.691714285714285,40.84349861325113,0.0,313.41636665782795,0.0,10.851837773247697,127.61,True,54.119998931884766,True,
2026-04-03,1.5714285714285714,3.39528953901899,0.0,0.0,4.550571428571429,39.614786091788005,0.0,366.6110798560355,0.0,9.589034077616972,127.61,False,54.119998931884766,False,
2026-04-04,1.8571428571428568,4.012614909749714,0.0,0.0,4.409428571428571,38.38607357032488,0.0,350.6051770344435,0.0,22.33385663885848,127.61,False,54.119998931884766,False,
2026-04-05,2.142857142857143,4.62994028048044,0.0,0.0,4.268285714285715,37.15736104886175,0.0,293.96314296200023,0.0,21.720087925353752,127.61,False,54.119998931884766,False,
2026-04-06,1.7142857142857142,3.703952224384352,0.0,0.0,4.127142857142857,35.928648527398614,0.0,309.1912650806658,0.0,29.64713127444621,127.61,False,54.66999816894531,True,
2026-04-07,1.7142857142857142,3.703952224384352,0.0,0.0,3.986,34.699936005935484,0.0,259.98952393315824,0.0,29.64713127444621,138.21,True,53.52000045776367,True,brent_peak
2026-04-08,1.5714285714285714,3.39528953901899,0.0,0.0,3.986,34.699936005935484,0.0,248.3596625596205,0.0,35.54880568872041,122.11,True,48.02000045776367,True,
2026-04-09,2.2857142857142856,4.938602965845803,0.0,0.0,3.986,34.699936005935484,0.0,295.2427405261016,0.0,35.15721446752965,119.03,True,48.52000045776367,True,
2026-04-10,2.0,4.3212775951150775,0.0,0.0,3.986,34.699936005935484,0.0,236.5813921648032,0.0,41.264247076775376,119.07,True,47.25,True,
2026-04-11,2.0,4.3212775951150775,0.0,0.0,3.986,34.699936005935484,0.0,236.7018606063602,0.0,29.7820925716699,119.07,False,47.25,False,
2026-04-12,1.8571428571428568,4.012614909749714,0.0,0.0,3.986,34.699936005935484,0.0,265.992901682077,0.0,29.7820925716699,119.07,False,47.25,False,
2026-04-13,2.4285714285714284,5.2472656512111655,0.0,0.0,3.986,34.699936005935484,0.0,225.3192126229756,0.0,22.597946735033887,123.28,True,49.06999969482422,True,
2026-04-14,2.571428571428572,5.55592833657653,0.0,0.0,3.986,34.699936005935484,0.0,238.95593650527468,0.0,28.719628409706903,118.69,True,47.5099983215332,True,
2026-04-15,3.142857142857143,6.79057907803798,0.0,0.0,3.986,34.699936005935484,0.0,238.68321215102716,0.0,24.645153628498388,114.93,True,47.31999969482422,True,
2026-04-16,2.571428571428572,5.55592833657653,0.0,0.0,3.986,34.699936005935484,0.0,176.61392293546427,0.0,26.860146576903297,116.63,True,49.08000183105469,True,
2026-04-17,3.0,6.481916392672617,0.6553728571428571,13.766315906937992,4.641372857142857,40.40525366847543,0.0,170.89977068026684,0.0,25.13521912283929,98.63,True,45.470001220703125,True,
2026-04-18,4.285714285714286,9.25988056096088,0.6553728571428571,13.766315906937992,4.641372857142857,40.40525366847543,0.0,173.91512614263394,0.0,23.872551066703263,98.63,False,45.470001220703125,False,
2026-04-19,4.0,8.642555190230155,0.6553728571428571,13.766315906937992,4.641372857142858,40.40525366847544,0.0,156.32582256945113,0.0,24.63904985123701,98.63,False,45.470001220703125,False,
2026-04-20,3.7142857142857135,8.025229819499428,0.6553728571428571,13.766315906937992,4.641372857142858,40.40525366847544,0.0,183.05807345290336,0.0,33.6940712382312,103.4,True,47.45000076293945,True,
2026-04-21,3.7142857142857135,8.025229819499428,0.8310871428571429,17.457250525515803,4.817087142857143,41.93492613952771,0.0,217.11602039083527,0.0,27.57238956355817,106.14,True,50.06999969482422,True,
2026-04-22,3.4285714285714284,7.407904448768704,0.8310871428571429,17.457250525515803,4.817087142857143,41.93492613952771,0.0,278.1070664374708,0.0,34.140189536290215,113.44,True,50.52999877929688,True,
2026-04-23,3.2857142857142856,7.099241763403342,0.8310871428571429,17.457250525515803,4.817087142857143,41.93492613952771,0.0,269.5968315303369,0.0,26.41524903429656,113.25,True,52.70000076293945,True,
2026-04-24,3.142857142857143,6.79057907803798,0.1757142857142857,3.690934618577807,4.161714285714286,36.22960847698776,0.0,241.83928285185164,0.0,23.1502707574408,111.86,True,52.59000015258789,True,
2026-04-25,1.7142857142857142,3.703952224384352,0.1757142857142857,3.690934618577807,4.161714285714287,36.22960847698777,0.0,227.2271695288788,0.0,24.405885559852564,111.86,False,52.59000015258789,False,
2026-04-26,1.7142857142857142,3.703952224384352,0.1757142857142857,3.690934618577807,4.161714285714286,36.22960847698776,0.0,303.7876986899195,0.0,48.26758546698006,111.86,False,52.59000015258789,False,
2026-04-27,1.7142857142857142,3.703952224384352,0.1757142857142857,3.690934618577807,4.161714285714286,36.22960847698776,0.0,333.71894348362486,0.0,76.59575829499092,113.89,True,53.560001373291016,True,
2026-04-28,1.7142857142857142,3.703952224384352,0.0,0.0,3.986,34.699936005935484,0.0,308.9432418186367,0.0,85.01056126701441,117.62,True,55.040000915527344,True,
2026-04-29,4.714285714285714,10.185868617056968,0.0,0.0,3.986,34.699936005935484,0.0,314.9132123526699,0.0,75.35289360508067,124.16,True,58.810001373291016,True,
2026-04-30,5.285714285714286,11.42051935851842,0.0,0.0,3.986,34.699936005935484,0.0,333.9010634217434,0.0,80.64568232765924,124.24,True,58.52999877929688,True,
2026-05-01,5.285714285714286,11.42051935851842,0.0034285714285714,0.0720182364600547,3.9105714285714286,34.0432961159228,0.0,361.3488361076536,0.0,88.2794730892164,118.26,True,57.27000045776367,True,
2026-05-02,5.571428571428571,12.037844729249144,0.0068571428571428,0.1440364729201095,3.835142857142857,33.38665622591011,0.0,433.2386316917556,0.0,87.58811858474488,118.26,False,57.27000045776367,False,
2026-05-03,5.571428571428571,12.037844729249144,0.0102857142857142,0.2160547093801643,3.759714285714286,32.730016335897425,0.0,406.4927142203956,0.0,65.02625195530044,118.26,False,57.27000045776367,False,
2026-05-04,5.285714285714286,11.42051935851842,0.0137142857142857,0.2880729458402191,3.6842857142857146,32.07337644588475,0.0,371.7164109284398,0.0,25.70287040814698,118.26,False,60.130001068115234,True,bno_peak
2026-05-05,4.857142857142857,10.494531302422333,0.0171428571428571,0.3600911823002738,3.608857142857143,31.41673655587206,0.0,367.2541181255901,0.0,17.288067436123473,114.51,True,58.18000030517578,True,
2026-05-06,1.5714285714285714,3.39528953901899,0.0205714285714285,0.4321094187603286,3.533428571428572,30.760096665859376,0.0,413.1845842979104,0.0,17.288067436123473,103.7,True,53.52999877929688,True,
2026-05-07,1.0,2.1606387975575387,0.024,0.5041276552203834,3.458,30.10345677584669,0.0,385.0545957904434,0.0,11.995278713544904,101.82,True,53.66999816894531,True,
2026-05-08,0.7142857142857143,1.5433134268268134,0.024,0.5041276552203834,3.458,30.10345677584669,0.0,428.5143453370155,0.0,2.630592360157063,103.48,True,53.11000061035156,True,
2026-05-09,0.2857142857142857,0.6173253707307254,0.024,0.5041276552203834,3.458,30.10345677584669,0.0,387.9911912128682,0.0,2.066332062216804,103.48,False,53.11000061035156,False,
2026-05-10,0.4285714285714285,0.9259880560960878,0.024,0.5041276552203834,3.458,30.10345677584669,0.0,332.2161249836974,0.0,3.7810865541785232,103.48,False,53.11000061035156,False,
2026-05-11,1.0,2.1606387975575387,0.024,0.5041276552203834,3.458,30.10345677584669,0.0,387.7698937227476,0.0,3.7810865541785232,106.11,True,55.02000045776367,True,
2026-05-12,1.1428571428571428,2.4693014829229014,0.024,0.5041276552203834,3.458,30.10345677584669,0.0,440.12709816717256,0.0,3.7810865541785232,111.37,True,56.88999938964844,True,
2026-05-13,1.4285714285714286,3.0866268536536268,0.024,0.5041276552203834,3.458,30.10345677584669,0.0,376.69854024170553,0.0,3.7810865541785232,110.28,True,55.84999847412109,True,
2026-05-14,1.8571428571428568,4.012614909749714,0.024,0.5041276552203834,3.458,30.10345677584669,0.0,364.80658408229294,0.0,5.04375461031455,110.91,True,56.209999084472656,True,
2026-05-15,2.142857142857143,4.62994028048044,0.024,0.5041276552203834,3.458,30.10345677584669,0.0,317.9449677205263,0.0,6.306422666450577,113.96,True,57.68999862670898,True,
2026-05-16,2.142857142857143,4.62994028048044,0.024,0.5041276552203834,3.458,30.10345677584669,0.0,334.9059119519071,0.0,6.306422666450577,113.96,False,57.68999862670898,False,
2026-05-17,2.0,4.3212775951150775,0.024,0.5041276552203834,3.458,30.10345677584669,0.0,384.73813835489113,0.0,2.525336112272053,113.96,False,57.68999862670898,False,
2026-05-18,1.5714285714285714,3.39528953901899,0.024,0.5041276552203834,3.458,30.10345677584669,0.0,353.0205186706691,0.0,2.525336112272053,116.73,True,57.650001525878906,True,
2026-05-19,1.8571428571428568,4.012614909749714,0.024,0.5041276552203834,3.458,30.10345677584669,0.0,321.74164707527734,0.0,2.525336112272053,114.64,True,58.810001373291016,True,
2026-05-20,2.142857142857143,4.62994028048044,0.024,0.5041276552203834,3.458,30.10345677584669,0.0,323.29275418581216,0.0,2.525336112272053,108.93,True,55.63999938964844,True,
2026-05-21,2.0,4.3212775951150775,0.024,0.5041276552203834,3.458,30.10345677584669,0.0,400.01333427635,0.0,1.2626680561360266,105.84,True,55.560001373291016,True,
2026-05-22,1.7142857142857142,3.703952224384352,0.024,0.5041276552203834,3.458,30.10345677584669,0.0,397.28578703192113,0.0,3.7036364027064352,106.9,True,55.0,True,
2026-05-23,1.7142857142857142,3.703952224384352,0.024,0.5041276552203834,3.458,30.10345677584669,0.0,406.66369842021896,0.0,4.966304458842462,106.9,False,55.0,False,
2026-05-24,1.8571428571428568,4.012614909749714,0.024,0.5041276552203834,3.458,30.10345677584669,0.0,417.6611510925748,0.0,4.966304458842462,106.9,False,55.0,False,
2026-05-25,1.7142857142857142,3.703952224384352,0.024,0.5041276552203834,3.458,30.10345677584669,0.0,402.4678534645778,0.0,4.966304458842462,106.9,False,55.0,False,
2026-05-26,1.5714285714285714,3.39528953901899,0.024,0.5041276552203834,3.458,30.10345677584669,0.0,434.14406844913856,0.0,16.048186815096575,102.75,True,53.09999847412109,True,
2026-05-27,1.1428571428571428,2.4693014829229014,0.024,0.5041276552203834,3.458,30.10345677584669,0.0,437.1689399060489,6.098181106678449,20.604588720964163,97.11,True,51.13999938964844,True,
2026-05-28,0.8571428571428571,1.851976112192176,0.024,0.5041276552203834,3.458,30.10345677584669,0.0,421.3359447299858,6.098181106678449,20.604588720964163,95.47,True,51.33000183105469,True,
2026-05-29,0.8571428571428571,1.851976112192176,0.024,0.5041276552203834,3.458,30.10345677584669,0.0,509.8513975887992,6.098181106678449,16.90095231825773,92.88,True,50.59000015258789,True,
2026-05-30,0.7142857142857143,1.5433134268268134,0.024,0.5041276552203834,3.458,30.10345677584669,0.0,478.59317772624576,6.098181106678449,15.6382842621217,92.88,False,50.59000015258789,False,
2026-05-31,0.4285714285714285,0.9259880560960878,0.024,0.5041276552203834,3.458,30.10345677584669,0.0,472.7200881153807,6.098181106678449,18.16375601388845,92.88,False,50.59000015258789,False,
2026-06-01,0.5714285714285714,1.2346507414614507,0.172,3.612914862412748,3.685857142857143,32.08705644359334,0.0,537.6653335966519,6.098181106678449,18.77752472739318,98.29,True,52.4900016784668,True,
2026-06-02,0.7142857142857143,1.5433134268268134,0.32,6.721702069605111,3.9137142857142857,34.07065611133999,0.0,503.852575369183,6.098181106678449,7.695642371139071,98.49,True,52.88999938964844,True,
2026-06-03,1.0,2.1606387975575387,0.468,9.830489276797476,4.141571428571429,36.054255779086645,0.0,484.60698257556817,0.0,9.752750947716466,101.69,True,53.93999862670898,True,
2026-06-04,1.1428571428571428,2.4693014829229014,0.616,12.93927648398984,4.369428571428571,38.0378554468333,0.0,461.8238694275266,0.0,11.015419003852491,98.98,True,52.47999954223633,True,
2026-06-05,1.1428571428571428,2.4693014829229014,0.7640000000000001,16.048063691182207,4.5972857142857135,40.02145511457994,0.0,424.751478133088,0.0,21.68170194835445,97.29,True,51.20000076293945,True,
2026-06-06,1.1428571428571428,2.4693014829229014,0.912,19.156850898374568,4.825142857142857,42.0050547823266,0.0,457.9574398574538,0.0,21.68170194835445,97.29,False,51.20000076293945,False,
2026-06-07,1.1428571428571428,2.4693014829229014,1.882027110430067,39.53257976009596,5.875027110430067,51.14477289640226,0.0,497.9446612676493,0.0,19.1562301965877,97.29,False,51.20000076293945,False,
2026-06-08,1.1428571428571428,2.4693014829229014,1.882027110430067,39.53257976009596,5.875027110430066,51.144772896402245,0.0,440.094298356194,33.73092517790708,18.54246148308297,97.46,True,51.88999938964844,True,
2026-06-09,1.0,2.1606387975575387,1.8820271104300672,39.53257976009597,5.875027110430067,51.14477289640226,0.0,472.9896742161085,33.73092517790708,18.54246148308297,94.15,True,50.459999084472656,True,
2026-06-10,0.5714285714285714,1.2346507414614507,1.8820271104300672,39.53257976009597,5.875027110430067,51.14477289640226,0.0,507.7403653099855,33.73092517790708,15.710037554816507,95.73,True,51.459999084472656,True,
2026-06-11,0.7142857142857143,1.5433134268268134,1.882027110430067,39.53257976009596,5.875027110430066,51.144772896402245,0.0,541.6972807313848,33.73092517790708,14.447369498680482,92.84,True,49.130001068115234,True,
2026-06-12,0.8571428571428571,1.851976112192176,1.882027110430067,39.53257976009596,5.875027110430067,51.14477289640226,0.0,517.6560316239563,33.73092517790708,15.657680709863394,88.64,True,47.81999969482422,True,
2026-06-13,0.8571428571428571,1.851976112192176,1.8820271104300672,39.53257976009597,5.875027110430067,51.14477289640226,0.0,526.757068064642,33.73092517790708,15.657680709863394,88.64,False,47.81999969482422,False,
2026-06-14,0.8571428571428571,1.851976112192176,1.06,22.26563810556693,5.053,43.988654450073255,0.0,473.35624247398914,33.73092517790708,15.657680709863394,88.64,False,47.81999969482422,False,
2026-06-15,1.0,2.1606387975575387,1.06,22.26563810556693,5.053,43.988654450073255,0.0,512.0779378439291,0.0,15.657680709863394,84.36,True,46.04999923706055,True,
2026-06-16,1.1428571428571428,2.4693014829229014,1.06,22.26563810556693,5.053,43.988654450073255,0.0,515.3261314706501,0.0,15.657680709863394,80.5,True,43.88999938964844,True,
2026-06-17,1.1428571428571428,2.4693014829229014,1.06,22.26563810556693,5.053,43.988654450073255,0.0,552.173378383557,0.0,11.876594155684876,80.33,True,43.4900016784668,True,
2026-06-18,2.2857142857142856,4.938602965845803,1.06,22.26563810556693,5.053,43.988654450073255,0.0,499.32022864905815,0.0,11.876594155684876,79.35,True,43.880001068115234,True,
2026-06-19,2.571428571428572,5.55592833657653,1.06,22.26563810556693,5.053,43.988654450073255,0.0,489.83268085554494,0.0,0.0,80.46,True,43.880001068115234,False,
2026-06-20,4.285714285714286,9.25988056096088,1.06,22.26563810556693,5.053,43.988654450073255,0.0,462.2897482242033,0.0,1.2626680561360266,80.46,False,43.880001068115234,False,
2026-06-21,4.428571428571429,9.568543246326245,1.06,22.26563810556693,5.053,43.988654450073255,0.0,481.66400941211975,0.0,1.2626680561360266,80.46,False,43.880001068115234,False,
2026-06-22,5.857142857142857,12.65517009997987,1.06,22.26563810556693,5.053,43.988654450073255,0.0,436.0699437702986,6.147595246271761,1.2626680561360266,76.49,True,43.119998931884766,True,
2026-06-23,7.142857142857143,15.433134268268136,1.06,22.26563810556693,5.053,43.988654450073255,0.0,463.7913519163168,6.147595246271761,1.2626680561360266,75.69,True,42.540000915527344,True,
2026-06-24,10.0,21.606387975575387,2.0946175876421096,43.99811054339136,6.08761758764211,52.99546932257616,0.0,422.2818750811695,7.725751887644722,14.830686710694703,72.09,True,40.7400016784668,True,
2026-06-25,11.571428571428571,25.001677514594377,2.0946175876421096,43.99811054339136,6.087617587642109,52.99546932257615,15.985504915251337,447.8794954663269,7.725751887644722,40.241254007769264,73.74,True,41.880001068115234,True,
2026-06-26,13.571428571428571,29.32295510970945,2.094617587642109,43.99811054339134,6.087617587642109,52.99546932257615,24.990802585538027,452.6174484089746,7.725751887644722,41.97214959959995,70.16,True,40.310001373291016,True,
2026-06-27,13.142857142857142,28.396967053613366,2.0946175876421096,43.99811054339136,6.08761758764211,52.99546932257616,24.990802585538027,470.063809596041,39.651572592697256,40.70948154346392,70.16,False,40.310001373291016,False,
2026-06-28,14.0,30.248943165805542,3.129235175284219,65.73058298121578,7.122235175284219,62.00228419507905,34.54729980298069,421.28087344241686,39.651572592697256,62.26788719113864,70.16,False,40.310001373291016,False,
2026-06-29,14.142857142857142,30.557605851170905,3.129235175284219,65.73058298121578,7.122235175284219,62.00228419507905,34.54729980298069,412.29686348781513,33.50397734642549,64.79335894290539,71.59,True,40.84999847412109,True,
2026-06-30,13.285714285714286,28.70562973897873,3.1292351752842187,65.73058298121578,7.122235175284219,62.00228419507905,34.75856902779953,412.1524025919312,33.50397734642549,76.43895903912097,70.46,True,40.68999862670898,True,
2026-07-01,13.0,28.088304368248007,,,,,34.75856902779953,373.6335801269326,31.925820705052534,62.87094038456228,69.24,True,39.40999984741211,True,
2026-07-02,12.142857142857142,26.23632825605583,,,,,18.773064112548195,430.5285979266455,31.925820705052534,48.207904089313296,68.53,True,39.66999816894531,True,
2026-07-03,12.142857142857142,26.23632825605583,,,,,9.767766442261497,406.7382066328122,31.925820705052534,51.0188969774176,68.68,True,39.66999816894531,False,
2026-07-04,12.0,25.92766557069047,,,,,9.767766442261497,369.1986204998984,0.0,55.72436668795739,68.68,False,39.66999816894531,False,
2026-07-05,13.285714285714286,28.70562973897873,,,,,0.2112692248188386,420.8289649356013,0.0,37.88166935801717,68.68,False,39.66999816894531,False,
2026-07-06,13.714285714285714,29.631617795074817,,,,,9.633458878515238,485.0997896121223,0.0,46.55011818512439,69.56,True,39.93999862670898,True,
2026-07-07,14.285714285714286,30.866268536536275,,,,,9.4221896536964,416.3903608851252,0.0,36.16013289132059,71.78,True,41.93000030517578,True,
2026-07-08,12.857142857142858,27.779641682882644,,,,,25.064696224498302,433.2978535726891,0.0,38.723854980591945,76.5,True,43.56999969482422,True,
2026-07-09,11.142857142857142,24.07568945849829,,,,,25.064696224498302,401.5551278603106,0.0,28.590092692271103,74.46,True,42.16999816894531,True,
2026-07-10,9.285714285714286,20.063074548748578,,,,,25.064696224498302,450.6950150432877,0.0,44.27571513804212,74.34,True,42.150001525878906,True,
2026-07-11,8.571428571428571,18.51976112192176,,,,,34.219184629629254,500.91496760691314,0.0,44.64058537877752,74.34,False,42.150001525878906,False,
2026-07-12,6.428571428571429,13.889820841441322,,,,,43.59430951858153,422.9640909027263,0.0,46.41936171223631,74.34,False,42.150001525878906,False,
2026-07-13,4.428571428571429,9.568543246326245,,,,,34.172119864885126,468.9642060563838,0.0,49.48549248986601,81.62,True,46.0,True,
2026-07-14,3.7142857142857135,8.025229819499428,,,,,34.172119864885126,492.2752544336016,0.0,49.137441546473056,83.69,True,47.290000915527344,True,
2026-07-15,3.0,6.481916392672617,,,,,18.529613294083227,552.4771815710465,0.0,54.57305865696775,83.08,True,47.59000015258789,True,
2026-07-16,2.7142857142857144,5.864591021941892,,,,,18.529613294083227,533.8638962446291,0.0,55.21490474587479,81.23,True,46.77999877929688,True,
2026-07-17,2.2857142857142856,4.938602965845803,,,,,18.529613294083227,535.9405089687122,0.0,38.781637405332944,85.01,True,48.70000076293945,True,
2026-07-18,2.142857142857143,4.62994028048044,,,,,9.375124888952268,538.841571262577,0.0,68.98041450471256,85.01,False,48.70000076293945,False,
2026-07-19,2.2857142857142856,4.938602965845803,,,,,0.0,584.6019643409343,0.0,76.77792213636921,85.01,False,48.70000076293945,False,
2026-07-20,2.2857142857142856,4.938602965845803,,,,,0.0,496.0028922109225,0.0,78.32217778349658,86.99,True,49.31999969482422,True,
2026-07-21,1.7142857142857142,3.703952224384352,,,,,0.0,498.2544372602244,0.0,79.86751854658152,93.85,True,50.560001373291016,True,
2026-07-22,1.4285714285714286,3.0866268536536268,,,,,0.0,435.40777227767313,0.0,78.10935941631672,94.12,True,51.41999816894531,True,
2026-07-23,1.2857142857142858,2.7779641682882645,,,,,0.0,374.70402827905343,0.0,81.48963126366507,105.32,True,53.45000076293945,True,
2026-07-24,1.1428571428571428,2.4693014829229014,,,,,0.0,287.5890463618363,0.0,88.24895420290953,100.31,True,52.58000183105469,True,
2026-07-25,0.8571428571428571,1.851976112192176,,,,,0.0,204.8280368840521,0.0,61.15265926573844,100.31,False,52.58000183105469,False,
2026-07-26,0.8571428571428571,1.851976112192176,,,,,0.0,154.55432907465624,0.0,56.409346136178144,100.31,False,52.58000183105469,False,
2026-07-27,0.5714285714285714,1.2346507414614507,,,,,0.0,111.11391521912384,0.0,47.46609169281443,91.82,True,48.720001220703125,True,
2026-07-28,0.5714285714285714,1.2346507414614507,,,,,0.0,48.56730776663554,0.0,52.88950124878639,85.51,True,46.7400016784668,True,
2026-07-29,0.8571428571428571,1.851976112192176,,,,,0.0,0.0,0.0,69.9302978860769,91.95,True,50.43000030517578,True,
2026-07-30,1.0,2.1606387975575387,,,,,0.0,0.0,0.0,69.01052647253533,91.91,True,49.65999984741211,True,
2026-07-31,1.2857142857142858,2.7779641682882645,,,,,0.0,0.0,0.0,59.35204497363341,96.95,True,50.380001068115234,True,
2026-08-01,1.7142857142857142,3.703952224384352,,,,,0.0,0.0,0.0,51.72896973215733,96.95,False,50.380001068115234,False,
2026-08-02,1.4285714285714286,3.0866268536536268,,,,,0.0,0.0,0.0,56.04949455674653,96.95,False,50.380001068115234,False,
2026-08-03,1.8571428571428568,4.012614909749714,,,,,0.0,0.0,0.0,66.7920068972683,88.9,True,47.83000183105469,True,
2026-08-04,2.2857142857142856,4.938602965845803,,,,,0.0,0.0,0.0,65.36263790214944,86.47,True,45.31999969482422,True,
2026-08-05,1.8571428571428568,4.012614909749714,,,,,0.0,0.0,0.0,51.222627498452766,86.65,True,45.40999984741211,True,
2026-08-06,1.7142857142857142,3.703952224384352,,,,,0.0,0.0,0.0,51.764778558757385,89.65,True,47.369998931884766,True,
2026-08-07,2.0,4.3212775951150775,,,,,0.0,1.3280886426775689,0.0,55.03192706752831,87.62,True,46.93000030517578,True,
2026-08-08,1.8571428571428568,4.012614909749714,,,,,0.0,1.3280886426775689,0.0,54.74043779342407,87.62,False,46.93000030517578,False,
2026-08-09,1.8571428571428568,4.012614909749714,,,,,0.0,1.3280886426775689,0.0,49.43028721552426,87.62,False,46.93000030517578,False,
2026-08-10,1.7142857142857142,3.703952224384352,,,,,0.0,1.3280886426775689,0.0,33.50322646919227,92.74,True,50.11000061035156,True,
2026-08-11,1.4285714285714286,3.0866268536536268,,,,,0.0,1.3280886426775689,0.0,34.215740734836544,93.26,True,50.959999084472656,True,
2026-08-12,1.5714285714285714,3.39528953901899,,,,,0.0,1.3280886426775689,0.0,29.62095285196965,92.52,True,50.720001220703125,True,
2026-08-13,1.8571428571428568,4.012614909749714,,,,,0.0,9.542416613113064,0.0,31.29406601905934,92.03,True,49.7400016784668,True,
2026-08-14,1.5714285714285714,3.39528953901899,,,,,0.0,16.42865594087099,0.0,36.96840864022107,92.02,True,50.63999938964844,True,
2026-08-15,1.4285714285714286,3.0866268536536268,,,,,9.530549583620475,16.42865594087099,0.0,36.71015104231764,92.02,False,50.63999938964844,False,
2026-08-16,1.5714285714285714,3.39528953901899,,,,,9.530549583620475,16.42865594087099,0.0,32.96745046513841,92.02,False,50.63999938964844,False,
2026-08-17,1.7142857142857142,3.703952224384352,,,,,9.530549583620475,16.42865594087099,0.0,58.930070505630496,92.43,True,51.970001220703125,True,
2026-08-18,2.0,4.3212775951150775,,,,,9.530549583620475,16.42865594087099,0.0,51.77061105702937,95.29,True,52.11000061035156,True,
2026-08-19,2.4285714285714284,5.2472656512111655,,,,,9.530549583620475,16.42865594087099,0.0,59.14994212653462,92.37,True,52.31999969482422,True,
2026-08-20,2.4285714285714284,5.2472656512111655,,,,,9.530549583620475,8.214327970435496,0.0,76.22152892912139,94.0,True,53.4900016784668,True,
2026-08-21,2.4285714285714284,5.2472656512111655,,,,,9.530549583620475,0.0,0.0,83.45979492414159,96.92,True,53.79999923706055,True,
2026-08-22,2.4285714285714284,5.2472656512111655,,,,,,,,,96.92,False,53.79999923706055,False,
2026-08-23,2.4285714285714284,5.2472656512111655,,,,,,,,,96.92,False,53.79999923706055,False,
2026-08-24,,,,,,,,,,,92.71,True,52.77999877929688,True,
2026-08-25,,,,,,,,,,,88.24,True,50.2599983215332,True,
2026-08-26,,,,,,,,,,,88.24,False,50.709999084472656,True,
