week_end,gasoline_stocks_mbbl,distillate_stocks_mbbl,products_supplied_mbd,gasoline_supplied_mbd,distillate_supplied_mbd,gasoline_days_cover,distillate_days_cover
1991-02-08,224079,108705,16067,6621,3139,33.84,34.63
1991-02-15,226459,105147,15627,6433,3121,35.2,33.69
1991-02-22,226026,104337,15414,6582,2847,34.34,36.65
1991-03-01,221438,102276,16997,7224,2964,30.65,34.51
1991-03-08,218986,101071,16982,6875,3338,31.85,30.28
1991-03-15,215670,96815,16914,6947,3699,31.05,26.17
1991-03-22,211379,97420,16408,7328,2946,28.85,33.07
1991-03-29,212087,97028,17481,6777,3026,31.3,32.06
1991-04-05,207908,96007,16344,7503,3106,27.71,30.91
1991-04-12,205510,96949,15888,6916,2789,29.72,34.76
1991-04-19,205046,98364,15799,7045,2790,29.11,35.26
1991-04-26,205660,100598,16054,6956,2610,29.57,38.54
1991-05-10,208673,103025,15995,7185,2891,29.04,35.64
1991-05-17,211690,102361,16306,6899,2933,30.68,34.9
1991-05-24,213387,102974,15273,7396,2806,28.85,36.7
1991-05-31,215678,108200,16357,7287,2346,29.6,46.12
1991-06-07,217713,108069,16226,7220,2916,30.15,37.06
1991-06-14,220528,111170,16519,7651,2795,28.82,39.77
1991-06-21,219835,113705,17076,7720,2675,28.48,42.51
1991-06-28,218757,113216,17242,7543,3089,29.0,36.65
1991-07-05,215024,113605,17363,7961,2914,27.01,38.99
1991-07-12,213411,120095,15446,7327,2055,29.13,58.44
1991-07-19,213887,120306,16948,7380,3121,28.98,38.55
1991-07-26,212122,122550,16092,7501,2682,28.28,45.69
1991-08-02,210814,125040,16672,7605,2787,27.72,44.87
1991-08-09,208356,126356,16902,7584,2755,27.47,45.86
1991-08-16,207689,126038,17000,7401,2959,28.06,42.59
1991-08-23,210098,127749,16346,7505,2841,27.99,44.97
1991-08-30,211068,129670,16731,7427,2876,28.42,45.09
1991-09-06,214680,132645,16855,6993,2774,30.7,47.82
1991-09-13,215242,135574,16360,7402,2826,29.08,47.97
1991-09-20,214984,139631,17053,7391,2987,29.09,46.75
1991-09-27,215217,140645,16984,7088,3053,30.36,46.07
1991-10-04,217173,138759,17537,6949,3417,31.25,40.61
1991-10-11,213971,139319,17042,7506,3086,28.51,45.15
1991-10-18,209834,137650,17570,7396,3233,28.37,42.58
1991-10-25,205774,137730,17092,7421,3054,27.73,45.1
1991-11-01,204354,139775,16254,7159,2977,28.55,46.95
1991-11-08,199744,137673,17193,7379,3408,27.07,40.4
1991-11-15,198464,138604,17035,7369,3025,26.93,45.82
1991-11-22,203568,140153,15978,6652,3087,30.6,45.4
1991-11-29,207008,142650,15683,6769,2879,30.58,49.55
1991-12-06,212278,143692,16258,6828,2915,31.09,49.29
1991-12-13,215414,144896,16536,7344,3279,29.33,44.19
1991-12-20,216625,142480,18161,7447,3616,29.09,39.4
1991-12-27,217337,144710,17129,7186,3026,30.24,47.82
1992-01-03,222483,145185,16707,6642,3188,33.5,45.54
1992-01-10,225305,142876,16923,6788,3242,33.19,44.07
1992-01-17,228580,137967,16600,6783,3727,33.7,37.02
1992-01-24,228073,132738,17852,7037,3561,32.41,37.28
1992-01-31,227909,127538,17319,7112,3665,32.05,34.8
1992-02-07,227243,122891,17190,7039,3386,32.28,36.29
1992-02-14,230868,115610,16630,6576,3723,35.11,31.05
1992-02-21,230336,112456,16389,7002,3176,32.9,35.41
1992-02-28,231955,109417,15099,6770,3266,34.26,33.5
1992-03-06,227662,104078,16763,7002,3305,32.51,31.49
1992-03-13,227891,104819,16004,6806,2629,33.48,39.87
1992-03-20,224373,100852,16415,7221,3300,31.07,30.56
1992-03-27,222766,98451,17621,7379,3226,30.19,30.52
1992-04-03,222186,94498,16782,7027,3386,31.62,27.91
1992-04-10,217422,91386,17783,7744,3418,28.08,26.74
1992-04-17,221157,91902,16008,6464,2757,34.21,33.33
1992-04-24,221128,92789,17152,7376,2819,29.98,32.92
1992-05-01,218510,91954,17639,7899,3222,27.66,28.54
1992-05-08,218142,89512,16020,7318,3208,29.81,27.9
1992-05-15,219307,89423,16476,7174,2825,30.57,31.65
1992-05-22,220760,90180,16030,7086,2744,31.15,32.86
1992-05-29,217988,95444,15455,7774,2295,28.04,41.59
1992-06-05,221738,95003,17005,7104,3170,31.21,29.97
1992-06-12,225535,97795,15377,7129,2620,31.64,37.33
1992-06-19,227811,98645,17251,7407,2842,30.76,34.71
1992-06-26,228449,104397,14912,7701,2353,29.66,44.37
1992-07-03,227444,106237,17100,7572,2814,30.04,37.75
1992-07-10,226355,109622,17503,7813,2597,28.97,42.21
1992-07-17,225184,110287,17614,7422,3069,30.34,35.94
1992-07-24,222592,114479,16546,7792,2538,28.57,45.11
1992-07-31,221461,116511,17100,7433,2912,29.79,40.01
1992-08-07,217173,120250,17319,7796,2808,27.86,42.82
1992-08-14,213430,123014,17517,7700,2519,27.72,48.83
1992-08-21,210106,125210,17100,7365,2789,28.53,44.89
1992-08-28,206548,126477,17636,7814,2747,26.43,46.04
1992-09-04,202427,125169,16829,7326,3020,27.63,41.45
1992-09-11,204731,131943,16525,7473,2179,27.4,60.55
1992-09-18,206719,132124,16432,7181,2994,28.79,44.13
1992-09-25,207727,133111,16251,7286,2917,28.51,45.63
1992-10-02,209718,131957,17830,7293,3412,28.76,38.67
1992-10-09,207854,131990,17231,7514,3226,27.66,40.91
1992-10-16,208652,131208,17201,7204,3516,28.96,37.32
1992-10-23,208033,134151,15859,7276,2989,28.59,44.88
1992-10-30,204650,136144,17781,7509,3122,27.25,43.61
1992-11-06,209557,137682,16319,6923,3179,30.27,43.31
1992-11-13,209701,141058,16581,7056,2822,29.72,49.99
1992-11-20,210574,138620,17392,7240,3628,29.08,38.21
1992-11-27,212692,140003,16876,7138,3355,29.8,41.73
1992-12-04,212367,144763,17118,7432,2649,28.57,54.65
1992-12-11,213282,141632,17526,7354,3507,29.0,40.39
1992-12-18,213169,137699,18197,7400,3740,28.81,36.82
1992-12-25,212969,138918,18613,7596,3158,28.04,43.99
1993-01-01,216561,141903,17810,7358,2832,29.43,50.11
1993-01-08,221306,143645,15904,6852,2857,32.3,50.28
1993-01-15,226954,141743,16119,6726,3194,33.74,44.38
1993-01-22,229754,137630,17424,7131,3626,32.22,37.96
1993-01-29,236128,131446,17607,6603,3815,35.76,34.46
1993-02-05,234121,124373,18017,7322,3980,31.98,31.25
1993-02-12,236870,120707,16811,6779,3392,34.94,35.59
1993-02-19,239134,117065,17697,7325,3374,32.65,34.7
1993-02-26,239086,111818,17704,6961,3735,34.35,29.94
1993-03-05,237243,104081,17866,7188,4052,33.01,25.69
1993-03-12,236477,102238,16253,7100,3159,33.31,32.36
1993-03-19,232213,99817,17894,7239,3444,32.08,28.98
1993-03-26,229323,96510,17571,7194,3694,31.88,26.13
1993-04-02,228289,97317,16100,6964,2998,32.78,32.46
1993-04-09,227603,98606,16753,6797,2915,33.49,33.83
1993-04-16,225814,97070,17201,7561,3344,29.87,29.03
1993-04-23,224438,100234,17500,7392,2713,30.36,36.95
1993-04-30,221834,98888,17920,7470,3358,29.7,29.45
1993-05-07,221330,101227,16545,7657,2997,28.91,33.78
1993-05-14,218162,99764,17054,7649,3014,28.52,33.1
1993-05-21,218431,100658,16418,7295,3098,29.94,32.49
1993-05-28,229887,102480,17417,7364,2989,31.22,34.29
1993-06-04,226781,101178,16676,7018,3058,32.31,33.09
1993-06-11,224637,104105,16674,7740,2674,29.02,38.93
1993-06-18,224796,106827,17393,7392,2752,30.41,38.82
1993-06-25,222719,106993,16699,7804,3155,28.54,33.91
1993-07-02,220348,110497,17931,7868,2865,28.01,38.57
1993-07-09,220802,116090,16716,7578,2481,29.14,46.79
1993-07-16,216794,118568,17689,8113,2843,26.72,41.71
1993-07-23,214341,120335,17771,7916,3069,27.08,39.21
1993-07-30,214965,121335,16717,7336,3152,29.3,38.49
1993-08-06,209070,121806,18595,8033,3338,26.03,36.49
1993-08-13,207716,122918,17752,7581,3061,27.4,40.16
1993-08-20,202045,125490,18190,8187,2672,24.68,46.96
1993-08-27,201221,124544,17330,7629,3305,26.38,37.68
1993-09-03,202354,127238,16367,7386,2979,27.4,42.71
1993-09-10,201269,130732,17653,7889,2855,25.51,45.79
1993-09-17,204378,131296,17292,7478,3103,27.33,42.31
1993-09-24,208036,131457,17282,7485,3341,27.79,39.35
1993-10-01,208245,131065,17326,7387,3325,28.19,39.42
1993-10-08,209116,132914,17069,7276,3227,28.74,41.19
1993-10-15,208432,133430,18316,7613,3432,27.38,38.88
1993-10-22,207949,134378,17343,7704,3485,26.99,38.56
1993-10-29,209067,139109,17207,7788,3056,26.84,45.52
1993-11-05,208140,137564,17859,7640,3796,27.24,36.24
1993-11-12,210759,138384,17134,7552,3305,27.91,41.87
1993-11-19,213301,138781,18031,7992,3429,26.69,40.47
1993-11-26,217591,141767,16341,6845,3124,31.79,45.38
1993-12-03,222584,146209,16879,7430,2965,29.96,49.31
1993-12-10,222110,144663,18435,8074,3700,27.51,39.1
1993-12-17,223106,140788,18538,7684,3865,29.04,36.43
1993-12-24,224655,142473,16958,7411,3057,30.31,46.61
1993-12-31,225013,144694,17178,7567,3103,29.74,46.63
1994-01-07,228804,140003,17837,7124,4002,32.12,34.98
1994-01-14,230806,134605,17878,7124,4212,32.4,31.96
1994-01-21,230603,125677,18020,7157,4277,32.22,29.38
1994-01-28,234542,116709,19126,6321,4436,37.11,26.31
1994-02-04,233869,108250,17827,6953,4410,33.64,24.55
1994-02-11,230508,104666,18288,7487,3965,30.79,26.4
1994-02-18,229691,102495,18229,6993,3685,32.85,27.81
1994-02-25,229471,101361,17104,7372,3432,31.13,29.53
1994-03-04,226080,99097,17384,7286,3441,31.03,28.8
1994-03-11,224966,99466,16848,7214,3395,31.18,29.3
1994-03-18,221918,98771,17245,7521,3405,29.51,29.01
1994-03-25,216977,97215,16880,7481,3314,29.0,29.33
1994-04-01,213868,99172,19815,7398,2903,28.91,34.16
1994-04-08,211837,97442,17495,7187,3527,29.48,27.63
1994-04-15,210367,99302,16689,7720,2954,27.25,33.62
1994-04-22,215827,97913,17145,7042,3649,30.65,26.83
1994-04-29,215173,101258,17937,7892,3259,27.26,31.07
1994-05-06,220806,102692,16811,6824,3219,32.36,31.9
1994-05-13,221215,106128,16683,7552,2906,29.29,36.52
1994-05-20,217833,104418,18131,7938,3423,27.44,30.5
1994-05-27,214405,107136,18426,8028,3052,26.71,35.1
1994-06-03,216725,111284,15824,7461,2870,29.05,38.77
1994-06-10,216815,113247,18080,7770,3070,27.9,36.89
1994-06-17,215440,116909,17153,7650,2850,28.16,41.02
1994-06-24,214928,117228,18109,7909,3075,27.18,38.12
1994-07-01,213577,120076,16950,7930,2788,26.93,43.07
1994-07-08,213607,125133,17221,7562,2302,28.25,54.36
1994-07-15,210786,127666,17142,8006,2754,26.33,46.36
1994-07-22,210340,129199,18143,7523,3037,27.96,42.54
1994-07-29,208515,132315,16795,7581,2780,27.5,47.6
1994-08-05,208802,132895,17899,7638,3295,27.34,40.33
1994-08-12,204759,134435,17994,8187,2970,25.01,45.26
1994-08-19,204822,137256,18085,7836,2846,26.14,48.23
1994-08-26,206501,134858,17052,7750,3579,26.65,37.68
1994-09-02,203398,138328,18275,8061,2782,25.23,49.72
1994-09-09,207682,141767,17047,6955,2624,29.86,54.03
1994-09-16,207967,145413,17095,7601,2764,27.36,52.61
1994-09-23,207262,144496,17853,7763,3394,26.7,42.57
1994-09-30,208167,144818,17090,7733,3353,26.92,43.19
1994-10-07,208597,146951,17014,7515,2997,27.76,49.03
1994-10-14,206013,145170,18477,7562,3501,27.24,41.47
1994-10-21,202644,146331,17315,8143,3092,24.89,47.33
1994-10-28,197671,143730,17715,8204,3488,24.09,41.21
1994-11-04,200812,141964,17423,7432,3369,27.02,42.14
1994-11-11,202319,141934,17419,7377,3055,27.43,46.46
1994-11-18,206074,140020,17680,7929,3647,25.99,38.39
1994-11-25,208845,143608,17381,7431,2927,28.1,49.06
1994-12-02,214685,145010,16226,7593,3132,28.27,46.3
1994-12-09,212280,141539,19222,8229,3826,25.8,36.99
1994-12-16,212555,141222,17096,7933,3152,26.79,44.8
1994-12-23,210269,139266,19491,8278,3680,25.4,37.84
1994-12-30,210379,142265,17859,7718,2921,27.26,48.7
1995-01-06,213545,142731,17692,7134,3264,29.93,43.73
1995-01-13,215577,141844,17340,7534,3404,28.61,41.67
1995-01-20,217341,141064,17121,7260,3207,29.94,43.99
1995-01-27,220092,136626,17105,6976,3648,31.55,37.45
1995-02-03,222808,134993,16966,7267,3301,30.66,40.89
1995-02-10,224086,129519,17766,7132,3811,31.42,33.99
1995-02-17,225627,123966,18514,7398,3799,30.5,32.63
1995-02-24,224867,121206,18222,7670,3436,29.32,35.28
1995-03-03,226427,119974,16863,7194,3317,31.47,36.17
1995-03-10,225052,117126,17861,7548,3580,29.82,32.72
1995-03-17,221863,117534,17059,7834,3240,28.32,36.28
1995-03-24,219388,117708,16781,7797,3224,28.14,36.51
1995-03-31,212188,119081,17665,8195,2899,25.89,41.08
1995-04-07,211126,115073,17563,7588,3813,27.82,30.18
1995-04-14,209230,111837,17114,7543,3458,27.74,32.34
1995-04-21,207445,113601,17499,8156,2928,25.43,38.8
1995-04-28,208167,114444,17561,7731,3117,26.93,36.72
1995-05-05,208961,112323,16665,7539,3304,27.72,34.0
1995-05-12,209092,113359,16984,8052,2792,25.97,40.6
1995-05-19,207135,112511,17673,8183,2997,25.31,37.54
1995-05-26,209982,114253,16365,7797,2876,26.93,39.73
1995-06-02,208602,116107,17521,8460,3013,24.66,38.54
1995-06-09,207887,115804,17662,8055,3062,25.81,37.82
1995-06-16,210280,117323,17922,7971,3048,26.38,38.49
1995-06-23,208332,116322,18346,8489,3199,24.54,36.36
1995-06-30,207619,116458,18202,8238,3092,25.2,37.66
1995-07-07,207854,119134,16901,7996,2720,25.99,43.8
1995-07-14,208280,122603,17547,7866,2788,26.48,43.98
1995-07-21,207955,121931,17774,8483,3038,24.51,40.14
1995-07-28,207406,122628,19506,8213,2925,25.25,41.92
1995-08-04,204700,124400,17827,8402,2755,24.36,45.15
1995-08-11,203559,124739,17384,7628,2920,26.69,42.72
1995-08-18,199666,124388,18232,8411,2981,23.74,41.73
1995-08-25,196058,124377,17961,8206,3228,23.89,38.53
1995-09-01,197186,127310,17603,7825,2720,25.2,46.81
1995-09-08,196620,129905,18087,8078,2908,24.34,44.67
1995-09-15,194930,133639,17584,8249,2689,23.63,49.7
1995-09-22,196796,131694,17547,7821,3413,25.16,38.59
1995-09-29,202806,132005,16378,7257,3303,27.95,39.97
1995-10-06,201137,131434,17951,8106,3234,24.81,40.64
1995-10-13,198720,133528,17704,7879,2957,25.22,45.16
1995-10-20,199377,131632,17962,7712,3422,25.85,38.47
1995-10-27,197584,128734,18169,8103,3614,24.38,35.62
1995-11-03,195596,130050,17461,7449,3158,26.26,41.18
1995-11-10,190148,131011,18344,8477,3104,22.43,42.21
1995-11-17,192278,130504,18258,8021,3686,23.97,35.41
1995-11-24,193076,133426,17321,7840,3280,24.63,40.68
1995-12-01,196904,134885,17841,7439,3186,26.47,42.34
1995-12-08,196587,133613,18978,7949,3825,24.73,34.93
1995-12-15,198690,129379,18355,7489,4032,26.53,32.09
1995-12-22,197873,126452,19138,8115,4002,24.38,31.6
1995-12-29,203744,128268,17302,7035,3235,28.96,39.65
1996-01-05,203560,130131,18459,7958,3035,25.58,42.88
1996-01-12,205546,125364,18285,7513,3877,27.36,32.34
1996-01-19,210659,121184,17898,6949,3785,30.32,32.02
1996-01-26,211887,116922,18294,7393,3714,28.66,31.48
1996-02-02,214405,111644,18152,7513,3741,28.54,29.84
1996-02-09,213627,102876,19548,7520,4328,28.41,23.77
1996-02-16,212443,98416,18863,7868,3787,27.0,25.99
1996-02-23,210443,98896,17871,7826,3312,26.89,29.86
1996-03-01,213605,96810,17957,7338,3701,29.11,26.16
1996-03-08,209769,96882,17610,7877,3193,26.63,30.34
1996-03-15,209171,92696,18193,7757,3940,26.97,23.53
1996-03-22,205883,88281,18561,7900,3650,26.06,24.19
1996-03-29,203802,89008,17705,7568,3099,26.93,28.72
1996-04-05,201988,87627,17941,7280,3027,27.75,28.95
1996-04-12,201051,88394,17391,7804,3061,25.76,28.88
1996-04-19,203880,87153,16895,7433,3611,27.43,24.14
1996-04-26,204218,87737,16874,8079,3336,25.28,26.3
1996-05-03,204185,89442,17305,7592,2999,26.89,29.82
1996-05-10,202692,90494,17910,8267,3152,24.52,28.71
1996-05-17,204906,90406,16887,7512,3213,27.28,28.14
1996-05-24,205722,92907,18920,8080,3009,25.46,30.88
1996-05-31,206134,96069,17646,7836,2824,26.31,34.02
1996-06-07,205584,96339,17600,7946,3359,25.87,28.68
1996-06-14,205494,99386,17339,7957,2909,25.83,34.17
1996-06-21,206541,99833,18556,7956,3366,25.96,29.66
1996-06-28,202987,100441,18955,8563,3138,23.71,32.01
1996-07-05,201677,102874,17354,8015,2849,25.16,36.11
1996-07-12,200373,104383,17687,7968,3030,25.15,34.45
1996-07-19,198977,104280,17901,8152,3128,24.41,33.34
1996-07-26,197609,102629,18953,8067,3189,24.5,32.18
1996-08-02,196821,104053,18770,8279,3146,23.77,33.07
1996-08-09,198222,103690,17787,7722,3197,25.67,32.43
1996-08-16,198433,104848,17541,7818,3084,25.38,34.0
1996-08-23,196254,105535,18458,8364,3148,23.46,33.52
1996-08-30,192908,109025,17974,8369,2980,23.05,36.59
1996-09-06,191733,111522,18052,7843,3061,24.45,36.43
1996-09-13,192000,112289,17555,7537,3221,25.47,34.86
1996-09-20,193526,111771,17999,8000,3455,24.19,32.35
1996-09-27,197717,110974,17938,7619,3623,25.95,30.63
1996-10-04,197019,112259,18664,7935,3215,24.83,34.92
1996-10-11,194410,111374,18129,7637,3609,25.46,30.86
1996-10-18,190525,111265,18974,7958,3687,23.94,30.18
1996-10-25,189283,114978,18373,7991,3302,23.69,34.82
1996-11-01,191956,114463,18687,7682,3678,24.99,31.12
1996-11-08,190180,114146,18540,7804,3656,24.37,31.22
1996-11-15,188595,113220,18490,8073,3685,23.36,30.72
1996-11-22,187261,114490,18100,7883,3323,23.76,34.45
1996-11-29,190483,118372,17558,7370,3073,25.85,38.52
1996-12-06,194748,120753,17683,7706,3296,25.27,36.64
1996-12-13,191420,120544,19464,8355,3530,22.91,34.15
1996-12-20,191053,119024,18972,8051,3591,23.73,33.15
1996-12-27,192014,123135,18421,7740,2868,24.81,42.93
1997-01-03,198239,126155,16375,7122,3162,27.83,39.9
1997-01-10,199994,125807,18085,7440,3342,26.88,37.64
1997-01-17,201457,121001,18614,7408,3728,27.19,32.46
1997-01-24,203639,118478,18258,7265,3449,28.03,34.35
1997-01-31,206951,114237,18335,7125,3885,29.05,29.4
1997-02-07,210991,109425,18000,7013,3703,30.09,29.55
1997-02-14,209302,105766,18207,7530,3550,27.8,29.79
1997-02-21,205464,105280,17900,8011,3228,25.65,32.61
1997-02-28,203206,106410,16973,7779,3221,26.12,33.04
1997-03-07,203693,106030,17422,7417,3353,27.46,31.62
1997-03-14,199745,102794,18197,8125,3665,24.58,28.05
1997-03-21,198774,100213,18350,7729,3728,25.72,26.88
1997-03-28,196930,97884,18360,7492,3689,26.29,26.53
1997-04-04,195697,96847,18385,8115,3565,24.12,27.17
1997-04-11,195928,98392,17720,7791,3229,25.15,30.47
1997-04-18,195927,95728,18383,7914,3647,24.76,26.25
1997-04-25,196025,94098,17646,7922,3524,24.74,26.7
1997-05-02,193561,96765,20017,8224,3341,23.54,28.96
1997-05-09,198261,96365,18304,7765,3476,25.53,27.72
1997-05-16,198672,98787,18468,8253,3267,24.07,30.24
1997-05-23,199831,102184,18719,8088,3218,24.71,31.75
1997-05-30,200728,108039,17149,8154,2842,24.62,38.02
1997-06-06,203327,110490,18366,7590,3146,26.79,35.12
1997-06-13,205177,111731,18623,8009,3391,25.62,32.95
1997-06-20,205512,113491,19154,8557,3384,24.02,33.54
1997-06-27,204006,116230,18920,8234,3379,24.78,34.4
1997-07-04,203747,116592,19309,8489,3528,24.0,33.05
1997-07-11,199751,121445,18456,8606,2819,23.21,43.08
1997-07-18,197484,120542,19552,8595,3672,22.98,32.83
1997-07-25,193695,120642,19141,8600,3393,22.52,35.56
1997-08-01,190575,122610,18108,8290,3177,22.99,38.59
1997-08-08,189078,121988,18472,8253,3411,22.91,35.76
1997-08-15,186197,124521,19298,8539,3123,21.81,39.87
1997-08-22,187035,126255,18507,7922,3182,23.61,39.68
1997-08-29,185563,128760,19159,8695,3293,21.34,39.1
1997-09-05,187167,133859,17595,8053,2751,23.24,48.66
1997-09-12,189628,133998,18546,8215,3428,23.08,39.09
1997-09-19,194289,135500,18274,7746,3082,25.08,43.96
1997-09-26,195544,135753,19489,8140,3460,24.02,39.23
1997-10-03,197648,135746,19201,8379,3475,23.59,39.06
1997-10-10,196796,136242,18956,8221,3423,23.94,39.8
1997-10-17,196969,136910,18480,8315,3634,23.69,37.67
1997-10-24,197561,135023,18848,7741,3620,25.52,37.3
1997-10-31,197629,134273,19074,8355,3599,23.65,37.31
1997-11-07,196540,135455,19124,8025,3379,24.49,40.09
1997-11-14,197638,134252,18611,7793,3560,25.36,37.71
1997-11-21,196590,133967,19266,8043,3618,24.44,37.03
1997-11-28,199440,133161,18485,7578,3517,26.32,37.86
1997-12-05,198579,135517,19260,8437,3429,23.54,39.52
1997-12-12,201916,135548,18889,7955,3752,25.38,36.13
1997-12-19,201609,133477,19807,8151,3976,24.73,33.57
1997-12-26,204930,131063,19288,8201,4088,24.99,32.06
1998-01-02,210220,136956,17809,7832,2692,26.84,50.88
1998-01-09,216176,139236,17977,7673,3271,28.17,42.57
1998-01-16,217925,136776,18876,7779,3757,28.01,36.41
1998-01-23,217464,133652,19251,7940,3974,27.39,33.63
1998-01-30,217934,131374,18553,7670,3739,28.41,35.14
1998-02-06,220625,129556,17891,7673,3796,28.75,34.13
1998-02-13,218239,128948,18977,8201,3434,26.61,37.55
1998-02-20,218785,127045,18429,8005,3654,27.33,34.77
1998-02-27,219852,126615,17357,7662,3481,28.69,36.37
1998-03-06,218013,126572,19252,7744,3510,28.15,36.06
1998-03-13,214200,124898,19225,8103,3663,26.43,34.1
1998-03-20,215334,123577,17872,7753,3575,27.77,34.57
1998-03-27,214760,121244,18287,7996,3918,26.86,30.95
1998-04-03,210823,120571,19372,8992,3700,23.45,32.59
1998-04-10,210377,122396,18264,8031,3122,26.2,39.2
1998-04-17,211207,122439,19102,8303,3428,25.44,35.72
1998-04-24,212209,121821,18377,8118,3574,26.14,34.09
1998-05-01,212269,122520,17915,8190,3448,25.92,35.53
1998-05-08,216119,124050,17793,7503,3089,28.8,40.16
1998-05-15,213223,123259,19609,8524,3750,25.01,32.87
1998-05-22,215208,126329,17946,8337,3254,25.81,38.82
1998-05-29,218181,131370,17939,8205,2954,26.59,44.47
1998-06-05,219566,130454,19790,8312,3678,26.42,35.47
1998-06-12,220053,131231,18903,8103,3366,27.16,38.99
1998-06-19,222740,131957,18696,8160,3561,27.3,37.06
1998-06-26,222381,131676,19313,8644,3815,25.73,34.52
1998-07-03,218243,133695,19592,8755,3320,24.93,40.27
1998-07-10,221489,135707,18272,8234,3320,26.9,40.88
1998-07-17,218840,140135,19305,8749,3044,25.01,46.04
1998-07-24,219060,143345,18487,8125,3231,26.96,44.37
1998-07-31,215752,144032,18598,8997,3626,23.98,39.72
1998-08-07,212407,144002,19243,8317,3486,25.54,41.31
1998-08-14,210064,144831,19356,8981,3395,23.39,42.66
1998-08-21,208848,144930,19532,8288,3606,25.2,40.19
1998-08-28,209179,143647,19917,8607,3813,24.3,37.67
1998-09-04,207008,144689,18801,8713,3251,23.76,44.51
1998-09-11,205691,148689,18909,8722,3151,23.58,47.19
1998-09-18,208649,149684,18467,7873,3364,26.5,44.5
1998-09-25,207493,152563,18653,8359,3010,24.82,50.69
1998-10-02,207114,152101,18539,8058,3395,25.7,44.8
1998-10-09,199486,149284,19555,8797,3658,22.68,40.81
1998-10-16,201383,147428,17961,8049,3521,25.02,41.87
1998-10-23,199734,147214,17954,8099,3193,24.66,46.11
1998-10-30,200204,145118,19196,8360,3614,23.95,40.15
1998-11-06,201825,145151,17950,8195,3377,24.63,42.98
1998-11-13,206343,145910,19601,7711,3554,26.76,41.06
1998-11-20,205683,145268,18827,8381,3697,24.54,39.29
1998-11-27,205697,147996,18703,8313,2955,24.74,50.08
1998-12-04,208189,149556,17206,8162,3227,25.51,46.35
1998-12-11,210252,152754,18422,8314,3198,25.29,47.77
1998-12-18,208330,151195,19974,8588,3776,24.26,40.04
1998-12-25,209868,152532,19450,8153,3248,25.74,46.96
1999-01-01,210839,153929,19550,8519,3432,24.75,44.85
1999-01-08,217574,154236,18181,7385,3296,29.46,46.79
1999-01-15,221987,147748,19284,7810,4612,28.42,32.04
1999-01-22,220885,144253,19266,8186,3724,26.98,38.74
1999-01-29,223083,144134,18268,7866,3389,28.36,42.53
1999-02-05,228189,142894,18492,7532,3642,30.3,39.24
1999-02-12,226045,143281,19402,8756,3603,25.82,39.77
1999-02-19,229300,141400,18379,7948,3642,28.85,38.82
1999-02-26,227413,140153,19730,8316,3601,27.35,38.92
1999-03-05,226726,136371,19172,8273,3738,27.41,36.48
1999-03-12,222905,131943,19049,8451,3864,26.38,34.15
1999-03-19,219788,126880,18730,8367,3849,26.27,32.96
1999-03-26,214520,122106,19191,8337,4045,25.73,30.19
1999-04-02,214306,124458,18149,7959,3038,26.93,40.97
1999-04-09,217386,129208,17225,7878,2650,27.59,48.76
1999-04-16,216866,125886,19521,8066,3714,26.89,33.89
1999-04-23,214741,127675,18792,8923,3237,24.07,39.44
1999-04-30,218406,127434,18025,7825,3469,27.91,36.74
1999-05-07,222885,127311,18527,8059,3542,27.66,35.94
1999-05-14,221972,128194,17424,8761,3451,25.34,37.15
1999-05-21,221589,130493,18721,8275,3270,26.78,39.91
1999-05-28,223026,131664,18889,8401,3447,26.55,38.2
1999-06-04,226048,131277,19246,8193,3451,27.59,38.04
1999-06-11,221080,133578,19103,8827,2915,25.05,45.82
1999-06-18,220647,130411,19484,8522,3857,25.89,33.81
1999-06-25,217966,130676,19539,9045,3460,24.1,37.77
1999-07-02,214637,130772,19416,9076,3198,23.65,40.89
1999-07-09,211022,134597,17972,8679,3038,24.31,44.3
1999-07-16,208902,136057,19338,8622,3292,24.23,41.33
1999-07-23,205424,136863,19670,8639,3325,23.78,41.16
1999-07-30,204179,136901,19483,8537,3436,23.92,39.84
1999-08-06,201096,135889,19870,8644,3595,23.26,37.8
1999-08-13,202026,137593,19701,8519,3222,23.71,42.7
1999-08-20,202168,139736,19443,8415,3177,24.02,43.98
1999-08-27,200462,141615,19603,8810,3245,22.75,43.64
1999-09-03,198532,141096,19853,8778,3455,22.62,40.84
1999-09-10,200464,142659,19344,8593,3360,23.33,42.46
1999-09-17,201304,143717,19267,8504,3532,23.67,40.69
1999-09-24,199923,145944,19037,8865,3253,22.55,44.86
1999-10-01,201114,144885,19646,8557,3755,23.5,38.58
1999-10-08,203234,143767,19488,8433,3773,24.1,38.1
1999-10-15,202656,143261,19980,8406,3747,24.11,38.23
1999-10-22,199785,139845,19783,8521,4061,23.45,34.44
1999-10-29,197816,137974,19803,8532,3821,23.19,36.11
1999-11-05,195514,134042,19974,8333,4119,23.46,32.54
1999-11-12,191450,132011,20383,8416,4037,22.75,32.7
1999-11-19,190202,129432,19799,8404,4028,22.63,32.13
1999-11-26,191068,131538,19115,8416,3501,22.7,37.57
1999-12-03,196648,134773,19552,7670,3362,25.64,40.09
1999-12-10,195581,131816,19723,8557,3914,22.86,33.68
1999-12-17,194295,128879,19124,8638,3901,22.49,33.04
1999-12-24,192797,123147,20288,8590,4105,22.44,30.0
1999-12-31,191997,119659,20293,8851,3999,21.69,29.92
2000-01-07,194173,122685,19363,7907,3007,24.56,40.8
2000-01-14,198240,118825,18222,7543,3766,26.28,31.55
2000-01-21,200815,110647,19116,7919,4364,25.36,25.35
2000-01-28,201447,106497,19899,8385,3866,24.02,27.55
2000-02-04,200937,99621,19123,7642,4192,26.29,23.76
2000-02-11,199593,99465,19206,8375,3866,23.83,25.73
2000-02-18,196688,99273,19438,8524,3716,23.07,26.72
2000-02-25,196523,101005,19169,8072,3761,24.35,26.86
2000-03-03,200970,102656,17933,7608,3386,26.42,30.32
2000-03-10,198819,102679,19995,8662,3677,22.95,27.92
2000-03-17,199255,101573,19022,8201,3798,24.3,26.74
2000-03-24,201120,98911,19284,8384,3790,23.99,26.1
2000-03-31,203808,97259,18862,7896,3593,25.81,27.07
2000-04-07,203566,96666,18556,8655,3439,23.52,28.11
2000-04-14,202022,92840,19672,8557,4197,23.61,22.12
2000-04-21,200684,93723,18735,8616,3504,23.29,26.75
2000-04-28,202506,96433,18842,8302,3445,24.39,27.99
2000-05-05,200770,95768,19378,8679,3667,23.13,26.12
2000-05-12,202479,96134,18932,8242,3783,24.57,25.41
2000-05-19,203561,97422,19990,8408,3787,24.21,25.73
2000-05-26,201075,98075,19458,9075,3657,22.16,26.82
2000-06-02,201348,102540,18817,8863,3225,22.72,31.8
2000-06-09,202699,104943,19345,8403,3276,24.12,32.03
2000-06-16,202768,103444,19965,8895,3855,22.8,26.83
2000-06-23,204280,103772,19740,8475,3496,24.1,29.68
2000-06-30,204522,103748,19746,8620,3746,23.73,27.7
2000-07-07,205147,108480,19135,8519,3025,24.08,35.86
2000-07-14,205638,109263,20022,8844,3461,23.25,31.57
2000-07-21,206907,110409,19268,8361,3420,24.75,32.28
2000-07-28,206253,110720,20143,8614,3533,23.94,31.34
2000-08-04,204582,110192,20341,8759,3610,23.36,30.52
2000-08-11,202442,111475,20464,8813,3602,22.97,30.95
2000-08-18,201200,112399,19394,8786,3655,22.9,30.75
2000-08-25,196372,112427,20226,8960,3706,21.92,30.34
2000-09-01,195498,112317,19776,8644,3878,22.62,28.96
2000-09-08,191795,114584,20320,8573,3583,22.37,31.98
2000-09-15,187566,115937,20133,8814,3654,21.28,31.73
2000-09-22,190559,114941,20318,8153,4024,23.37,28.56
2000-09-29,195621,114194,19558,7819,4001,25.02,28.54
2000-10-06,195840,113691,18974,8340,3706,23.48,30.68
2000-10-13,193261,112799,20289,8663,3996,22.31,28.23
2000-10-20,192240,112211,20436,8604,4171,22.34,26.9
2000-10-27,188097,113556,20217,8942,3681,21.04,30.85
2000-11-03,186147,115710,20499,8780,3754,21.2,30.82
2000-11-10,189003,115161,19871,8216,4240,23.0,27.16
2000-11-17,188941,114934,20063,8419,3894,22.44,29.52
2000-11-24,191190,116609,19243,8063,3729,23.71,31.27
2000-12-01,195234,120045,19111,8233,3467,23.71,34.63
2000-12-08,196568,115290,20631,8711,4687,22.57,24.6
2000-12-15,198983,116188,20611,8475,3791,23.48,30.65
2000-12-22,196401,114693,20080,8400,4177,23.38,27.46
2000-12-29,193771,116064,21494,8693,3999,22.29,29.02
2001-01-05,195663,116761,21098,7825,4577,25.0,25.51
2001-01-12,198713,115174,20817,8225,4319,24.16,26.67
2001-01-19,200703,116151,19414,7894,3748,25.42,30.99
2001-01-26,205882,114469,20248,7338,4175,28.06,27.42
2001-02-02,203783,115339,20342,8589,3858,23.73,29.9
2001-02-09,202920,116147,20001,8032,4081,25.26,28.46
2001-02-16,204595,117706,19025,7850,3883,26.06,30.31
2001-02-23,204546,116611,20161,8187,4037,24.98,28.89
2001-03-02,203021,115644,20768,8489,4146,23.92,27.89
2001-03-09,201582,114313,19803,8425,3956,23.93,28.9
2001-03-16,198193,110693,19814,8484,4315,23.36,25.65
2001-03-23,196272,107898,19288,8475,4010,23.16,26.91
2001-03-30,193035,104013,19067,8507,4130,22.69,25.18
2001-04-06,193855,101930,18541,8306,3647,23.34,27.95
2001-04-13,192831,102333,19025,8438,3502,22.85,29.22
2001-04-20,193913,101710,18880,8708,3984,22.27,25.53
2001-04-27,198975,102750,18820,8404,3566,23.68,28.81
2001-05-04,200025,103058,20180,8665,3948,23.08,26.1
2001-05-11,204069,102944,18694,8275,3594,24.66,28.64
2001-05-18,203706,102129,19906,8917,3622,22.84,28.2
2001-05-25,208032,104298,18786,8270,3537,25.16,29.49
2001-06-01,210265,108131,18451,8809,3258,23.87,33.19
2001-06-08,216010,107435,19138,8428,3892,25.63,27.6
2001-06-15,219666,109111,18310,8393,3447,26.17,31.65
2001-06-22,220745,111191,19651,8921,3358,24.74,33.11
2001-06-29,221633,112783,20059,9036,3718,24.53,30.33
2001-07-06,221549,116413,19060,8622,3387,25.7,34.37
2001-07-13,217832,119064,19857,9095,3477,23.95,34.24
2001-07-20,214521,120571,19948,9176,3641,23.38,33.11
2001-07-27,211313,121539,20175,9007,3679,23.46,33.04
2001-08-03,207789,121671,19187,8959,3960,23.19,30.72
2001-08-10,204627,120823,19943,8671,3941,23.6,30.66
2001-08-17,202069,120869,20294,9035,3716,22.37,32.53
2001-08-24,195874,120737,20079,8943,3797,21.9,31.8
2001-08-31,194690,120383,19955,8612,3714,22.61,32.41
2001-09-07,195380,121258,19522,8529,3699,22.91,32.78
2001-09-14,192331,123349,19069,8969,3292,21.44,37.47
2001-09-21,200823,121735,17889,7834,3914,25.63,31.1
2001-09-28,203912,122658,19549,8514,3726,23.95,32.92
2001-10-05,206117,124602,19431,8500,3651,24.25,34.13
2001-10-12,208339,126560,19607,8766,3716,23.77,34.06
2001-10-19,208908,127456,19889,8619,3721,24.24,34.25
2001-10-26,208308,127931,20172,8702,4041,23.94,31.66
2001-11-02,206944,128217,20490,8797,3914,23.52,32.76
2001-11-09,205335,130744,19126,8771,3639,23.41,35.93
2001-11-16,206682,130533,19622,8612,4047,24.0,32.25
2001-11-23,207701,135638,19041,8868,3601,23.42,37.67
2001-11-30,212099,137974,19224,8517,3696,24.9,37.33
2001-12-07,211201,140284,19411,8327,3684,25.36,38.08
2001-12-14,210320,138701,20468,8622,4072,24.39,34.06
2001-12-21,207036,137041,20516,8888,3994,23.29,34.31
2001-12-28,207914,137642,19609,8860,3807,23.47,36.15
2002-01-04,207726,142247,18954,8288,3160,25.06,45.01
2002-01-11,210500,141942,19630,8359,3866,25.18,36.72
2002-01-18,214055,139013,19007,8049,3997,26.59,34.78
2002-01-25,216656,138842,18899,8184,3511,26.47,39.54
2002-02-01,216355,137335,19242,8223,3894,26.31,35.27
2002-02-08,217358,137531,18943,8117,3633,26.78,37.86
2002-02-15,216883,135683,19782,8428,3891,25.73,34.87
2002-02-22,215753,132702,19336,8729,4030,24.72,32.93
2002-03-01,212674,130840,19855,8782,3828,24.22,34.18
2002-03-08,211544,127987,18459,8277,3745,25.56,34.18
2002-03-15,209080,125476,18856,8713,3715,24.0,33.78
2002-03-22,207157,122525,19573,8621,3738,24.03,32.78
2002-03-29,211521,119675,19220,8386,3980,25.22,30.07
2002-04-05,212602,121161,19517,8865,3438,23.98,35.24
2002-04-12,211127,120086,19727,8840,3838,23.88,31.29
2002-04-19,210555,119718,19153,8684,3737,24.25,32.04
2002-04-26,211946,120191,19472,8699,3610,24.36,33.29
2002-05-03,214108,121497,19368,8521,3777,25.13,32.17
2002-05-10,217207,122454,19236,8548,3756,25.41,32.6
2002-05-17,216094,123915,19875,9190,3445,23.51,35.97
2002-05-24,218100,124930,19353,8685,3694,25.11,33.82
2002-05-31,215916,127479,19587,8778,3409,24.6,37.39
2002-06-07,214362,129215,19338,9004,3400,23.81,38.0
2002-06-14,215229,129490,18953,8771,3598,24.54,35.99
2002-06-21,216405,128645,20108,8752,3806,24.73,33.8
2002-06-28,216434,128297,20191,9172,3892,23.6,32.96
2002-07-05,214720,131376,19433,9004,3404,23.85,38.59
2002-07-12,213232,133471,19013,8985,3465,23.73,38.52
2002-07-19,212591,133267,19620,9056,3624,23.48,36.77
2002-07-26,211591,134446,20066,9093,3451,23.27,38.96
2002-08-02,212470,135092,20290,9297,3462,22.85,39.02
2002-08-09,207965,133960,20357,9270,3564,22.43,37.59
2002-08-16,208743,133385,20181,8939,3586,23.35,37.2
2002-08-23,206761,131575,20328,9173,3862,22.54,34.07
2002-08-30,205330,129635,20015,9135,3872,22.48,33.48
2002-09-06,205598,133567,19209,8844,3232,23.25,41.33
2002-09-13,204987,131385,19512,8899,3831,23.03,34.3
2002-09-20,207222,129820,19360,8625,3786,24.03,34.29
2002-09-27,208421,130066,19224,8582,3481,24.29,37.36
2002-10-04,205280,127357,19711,8895,4029,23.08,31.61
2002-10-11,198979,125426,18804,9090,3473,21.89,36.11
2002-10-18,195357,125577,19043,8653,3584,22.58,35.04
2002-10-25,194311,123752,19990,9022,4098,21.54,30.2
2002-11-01,192146,121897,19796,9324,4006,20.61,30.43
2002-11-08,194044,121436,19214,8759,3786,22.15,32.08
2002-11-15,193499,122851,19611,8540,3620,22.66,33.94
2002-11-22,197419,119961,20498,8667,4416,22.78,27.17
2002-11-29,199962,119838,20681,9060,4104,22.07,29.2
2002-12-06,203240,123261,19508,8616,3778,23.59,32.63
2002-12-13,203149,124738,19950,8854,4245,22.94,29.38
2002-12-20,205370,124919,20211,9063,4133,22.66,30.22
2002-12-27,204956,126823,20434,8989,3970,22.8,31.95
2003-01-03,209828,129748,19780,8411,3697,24.95,35.1
2003-01-10,215582,132294,19263,8335,3686,25.86,35.89
2003-01-17,216270,129240,20105,8645,4022,25.02,32.13
2003-01-24,212980,122386,20281,8793,4495,24.22,27.23
2003-01-31,209613,112056,20819,8551,4926,24.51,22.75
2003-02-07,212649,108220,19151,8106,4155,26.23,26.05
2003-02-14,211206,103581,20353,8454,4639,24.98,22.33
2003-02-21,208095,99053,20064,8619,4478,24.14,22.12
2003-02-28,206086,96539,20078,8421,4319,24.47,22.35
2003-03-07,202008,98317,19887,9020,4049,22.4,24.28
2003-03-14,201083,97226,20301,8596,4526,23.39,21.48
2003-03-21,198977,99478,20164,8666,3830,22.96,25.97
2003-03-28,200721,97892,19831,8284,4065,24.23,24.08
2003-04-04,202182,96120,20767,8458,4056,23.9,23.7
2003-04-11,201947,95721,19698,8640,3650,23.37,26.22
2003-04-18,201174,96063,19459,8737,3813,23.03,25.19
2003-04-25,205592,95862,19396,8358,3841,24.6,24.96
2003-05-02,207794,97303,20701,8834,3888,23.52,25.03
2003-05-09,208644,99878,19854,8894,3637,23.46,27.46
2003-05-16,208377,102701,19895,8992,3613,23.17,28.43
2003-05-23,205034,101519,20598,9299,3953,22.05,25.68
2003-05-30,207281,104514,19977,8516,3632,24.34,28.78
2003-06-06,209853,107331,19849,8529,3608,24.6,29.75
2003-06-13,209124,109419,20589,8880,3894,23.55,28.1
2003-06-20,208204,109410,20027,8833,3835,23.57,28.53
2003-06-27,204960,109727,20727,9476,3691,21.63,29.73
2003-07-04,205486,109192,20226,9050,3941,22.71,27.71
2003-07-11,209422,114685,19181,8763,3031,23.9,37.84
2003-07-18,207820,115199,20040,9177,3645,22.65,31.6
2003-07-25,204496,117388,20292,9563,3420,21.38,34.32
2003-08-01,201784,119051,20003,9303,3874,21.69,30.73
2003-08-08,198147,119918,20737,9381,3666,21.12,32.71
2003-08-15,196850,121129,20573,9325,3645,21.11,33.23
2003-08-22,191179,121786,20590,9668,3739,19.77,32.57
2003-08-29,191898,124732,20291,9337,3503,20.55,35.61
2003-09-05,192579,128390,18892,8886,3427,21.67,37.46
2003-09-12,195322,131332,19265,8974,3576,21.77,36.73
2003-09-19,196822,131235,19083,9166,3856,21.47,34.03
2003-09-26,199174,131273,18949,8690,3857,22.92,34.04
2003-10-03,197986,131460,19971,9190,3830,21.54,34.32
2003-10-10,194579,129839,20164,9156,4004,21.25,32.43
2003-10-17,195986,132449,19192,8754,3413,22.39,38.81
2003-10-24,193809,134013,19681,9413,3637,20.59,36.85
2003-10-31,191334,132693,20555,9316,4116,20.54,32.24
2003-11-07,192267,131191,20203,8995,4042,21.37,32.46
2003-11-14,192194,128908,20124,9232,4207,20.82,30.64
2003-11-21,193653,128304,20068,8725,4051,22.2,31.67
2003-11-28,197110,131084,19768,8979,3606,21.95,36.35
2003-12-05,200472,132118,19714,8776,3804,22.84,34.73
2003-12-12,202377,130747,20530,8930,4133,22.66,31.63
2003-12-19,202987,128435,20345,9166,4205,22.15,30.54
2003-12-26,203619,129145,20109,8726,3907,23.33,33.05
2004-01-02,206308,135515,19320,8686,3249,23.75,41.71
2004-01-09,208416,138321,19303,8411,3396,24.78,40.73
2004-01-16,209484,135469,20011,8426,4392,24.86,30.84
2004-01-23,206040,131023,20810,8543,4692,24.12,27.92
2004-01-30,205593,124152,20754,8514,4716,24.15,26.33
2004-02-06,204417,118258,20326,8627,4585,23.7,25.79
2004-02-13,205023,112470,21071,8727,4704,23.49,23.91
2004-02-20,203378,111380,20941,8796,4160,23.12,26.77
2004-02-27,202014,111309,19503,8970,3917,22.52,28.42
2004-03-05,200420,112747,19662,8968,3781,22.35,29.82
2004-03-12,199626,111767,19501,9044,3929,22.07,28.45
2004-03-19,199523,110415,19574,8818,3969,22.63,27.82
2004-03-26,200885,109739,19570,8731,3715,23.01,29.54
2004-04-02,200057,105185,20580,9249,4541,21.63,23.16
2004-04-09,197451,103896,20639,9338,3863,21.14,26.9
2004-04-16,199083,104632,20051,8973,4041,22.19,25.89
2004-04-23,199958,104787,19553,9255,4048,21.61,25.89
2004-04-30,203996,107219,18932,8926,3851,22.85,27.84
2004-05-07,202450,107527,20706,9373,3936,21.6,27.32
2004-05-14,203674,109178,20606,9119,3866,22.34,28.24
2004-05-21,203017,108667,20440,9154,4060,22.18,26.77
2004-05-28,204279,108936,20240,9259,4099,22.06,26.58
2004-06-04,206432,108331,20618,9045,4104,22.82,26.4
2004-06-11,205943,109758,20322,9219,3881,22.34,28.28
2004-06-18,205134,110389,20598,9194,3885,22.31,28.41
2004-06-25,205148,110918,20700,9199,4053,22.3,27.37
2004-07-02,206108,114024,20222,9398,3928,21.93,29.03
2004-07-09,205903,116729,20316,9300,3850,22.14,30.32
2004-07-16,208420,118421,19678,8840,3867,23.58,30.62
2004-07-23,207651,119091,20682,9310,3928,22.3,30.32
2004-07-30,210108,121152,20689,9263,3917,22.68,30.93
2004-08-06,208296,122490,20767,9472,4009,21.99,30.55
2004-08-13,205742,124567,20477,9521,3992,21.61,31.2
2004-08-20,205743,125050,20863,9424,4088,21.83,30.59
2004-08-27,206552,126355,20699,9267,3950,22.29,31.99
2004-09-03,204073,126649,20926,9453,4030,21.59,31.43
2004-09-10,202493,128321,20350,9234,3771,21.93,34.03
2004-09-17,199654,126817,20209,9005,3999,22.17,31.71
2004-09-24,198846,125487,19888,8922,3737,22.29,33.58
2004-10-01,199429,123360,20299,8915,4071,22.37,30.3
2004-10-08,200616,120923,20438,8917,4237,22.5,28.54
2004-10-15,199883,119020,20601,9177,4210,21.78,28.27
2004-10-22,201163,116576,20308,8883,4368,22.65,26.69
2004-10-29,201677,115715,20216,8977,4242,22.47,27.28
2004-11-05,201270,115578,20475,9217,4038,21.84,28.62
2004-11-12,200879,114577,21403,9237,4209,21.75,27.22
2004-11-19,202741,115607,20404,8988,4207,22.56,27.48
2004-11-26,205741,117922,20118,9204,4092,22.35,28.82
2004-12-03,208096,119299,20526,9107,4080,22.85,29.24
2004-12-10,209616,119336,20928,9268,4242,22.62,28.13
2004-12-17,211381,119920,20782,9068,4381,23.31,27.37
2004-12-24,212251,119129,21449,9329,4430,22.75,26.89
2004-12-31,214327,121099,20847,9287,4176,23.08,29.0
2005-01-07,215333,122980,20466,8710,4172,24.72,29.48
2005-01-14,216969,123764,20210,8695,4051,24.95,30.55
2005-01-21,214712,121485,21225,8881,4462,24.18,27.23
2005-01-28,216342,118598,20957,8848,4528,24.45,26.19
2005-02-04,216757,115607,21064,8837,4378,24.53,26.41
2005-02-11,221678,112516,21007,8825,4357,25.12,25.82
2005-02-18,223510,111760,20597,8898,4125,25.12,27.09
2005-02-25,224483,110022,20730,8884,4155,25.27,26.48
2005-03-04,224282,109212,20291,9014,4321,24.88,25.27
2005-03-11,221352,107273,21263,9131,4373,24.24,24.53
2005-03-18,217293,104514,20851,9069,4415,23.96,23.67
2005-03-25,214358,103438,20325,9075,4234,23.62,24.43
2005-04-01,212252,104110,20213,9095,4233,23.34,24.59
2005-04-08,213100,103993,20195,9089,4248,23.45,24.48
2005-04-15,211636,104044,20559,9170,4268,23.08,24.38
2005-04-22,211306,102601,20380,9306,4090,22.71,25.09
2005-04-29,213507,102283,20402,9024,4240,23.66,24.12
2005-05-06,213694,103978,20385,9175,3913,23.29,26.57
2005-05-13,214765,103759,20273,9269,4220,23.17,24.59
2005-05-20,215374,105655,20584,9443,3929,22.81,26.89
2005-05-27,216678,106438,20433,9461,4230,22.9,25.16
2005-06-03,216647,107729,20592,9451,4057,22.92,26.55
2005-06-10,215742,110156,20998,9528,4206,22.64,26.19
2005-06-17,215939,111530,20471,9313,4010,23.19,27.81
2005-06-24,216240,113166,20169,9367,4047,23.09,27.96
2005-07-01,215266,117233,21497,9721,4110,22.14,28.52
2005-07-08,212641,120426,20656,9391,3904,22.64,30.85
2005-07-15,211322,122652,20404,9415,3911,22.45,31.36
2005-07-22,209194,125789,20972,9449,4001,22.14,31.44
2005-07-29,205177,127274,20854,9586,4140,21.4,30.74
2005-08-05,203091,129872,21575,9483,3973,21.42,32.69
2005-08-12,198122,131063,21352,9408,3982,21.06,32.91
2005-08-19,194877,132489,21499,9471,4028,20.58,32.89
2005-08-26,194369,135234,21592,9406,4051,20.66,33.38
2005-09-02,190067,134418,20871,9027,3995,21.06,33.65
2005-09-09,191959,133313,19952,8636,3906,22.23,34.13
2005-09-16,195431,134133,20381,8819,3869,22.16,34.67
2005-09-23,199831,133560,19672,8836,3835,22.62,34.83
2005-09-30,195454,128034,19755,8840,4034,22.11,31.74
2005-10-07,192803,124627,20246,8783,3909,21.95,31.88
2005-10-14,195710,122712,20404,8961,3900,21.84,31.46
2005-10-21,195869,121090,20837,8981,4293,21.81,28.21
2005-10-28,196904,120931,20435,9045,4066,21.77,29.74
2005-11-04,201127,120847,20174,9246,4205,21.75,28.74
2005-11-11,200175,123374,20705,9151,3917,21.87,31.5
2005-11-18,200413,124539,20655,9124,4156,21.97,29.97
2005-11-25,199868,127852,20374,9189,4003,21.75,31.94
2005-12-02,202609,130589,20535,9221,4094,21.97,31.9
2005-12-09,204375,130501,21642,9268,4256,22.05,30.66
2005-12-16,204074,127680,22156,9326,4650,21.88,27.46
2005-12-23,202853,126790,21878,9249,4462,21.93,28.42
2005-12-30,204259,128904,20801,9358,4017,21.83,32.09
2006-01-06,208778,133766,20772,8950,4036,23.33,33.14
2006-01-13,211635,134677,20805,8859,4131,23.89,32.6
2006-01-20,214763,136466,19834,8826,4250,24.33,32.11
2006-01-27,219044,136268,20220,8879,4167,24.67,32.7
2006-02-03,223344,135955,19803,8967,4226,24.91,32.17
2006-02-10,225459,136862,21020,9083,4226,24.82,32.39
2006-02-17,225648,135602,21088,9046,4358,24.94,31.12
2006-02-24,225867,134096,20889,8951,4255,25.23,31.51
2006-03-03,224765,131436,19880,9057,4356,24.82,30.17
2006-03-10,223884,127542,20897,9106,4438,24.59,28.74
2006-03-17,221563,126672,20621,9100,4076,24.35,31.08
2006-03-24,216226,124172,20604,9054,4078,23.88,30.45
2006-03-31,211782,121608,20532,9063,4039,23.37,30.11
2006-04-07,207927,117368,20738,9297,4269,22.36,27.49
2006-04-14,202482,114580,20415,9100,3995,22.25,28.68
2006-04-21,200594,115596,20734,9012,3899,22.26,29.65
2006-04-28,202708,114530,20111,9099,4171,22.28,27.46
2006-05-05,205050,114700,21200,9346,4199,21.94,27.32
2006-05-12,206375,114580,20953,9327,4125,22.13,27.78
2006-05-19,208483,117057,20976,9193,3940,22.68,29.71
2006-05-26,209277,118892,21272,9430,4142,22.19,28.7
2006-06-02,210331,120653,20603,9367,4016,22.45,30.04
2006-06-09,213146,122759,20701,9413,4080,22.64,30.09
2006-06-16,213440,124450,20971,9429,4087,22.64,30.45
2006-06-23,212350,126287,20877,9540,4091,22.26,30.87
2006-06-30,213077,127323,20881,9645,4122,22.09,30.89
2006-07-07,212651,129899,20563,9621,4182,22.1,31.06
2006-07-14,214194,131098,20445,9569,4160,22.38,31.51
2006-07-21,211030,131897,20909,9573,4151,22.04,31.77
2006-07-28,210868,132558,21113,9639,4073,21.88,32.55
2006-08-04,207659,132422,21283,9697,4024,21.41,32.91
2006-08-11,205393,133170,21032,9530,3906,21.55,34.09
2006-08-18,205795,135481,21454,9571,4105,21.5,33.0
2006-08-25,206162,136845,21294,9610,4236,21.45,32.31
2006-09-01,206880,139947,21173,9622,4166,21.5,33.59
2006-09-08,206994,144588,20953,9368,4049,22.1,35.71
2006-09-15,207554,148670,20760,9229,4135,22.49,35.95
2006-09-22,213899,151288,20705,9287,4141,23.03,36.53
2006-09-29,215052,151466,20228,9081,4219,23.68,35.9
2006-10-06,215397,149946,20938,9242,4323,23.31,34.69
2006-10-13,210175,145399,21441,9298,4525,22.6,32.13
2006-10-20,207416,143981,21502,9511,4279,21.81,33.65
2006-10-27,204617,141258,21484,9499,4590,21.54,30.78
2006-11-03,204033,138583,21076,9256,4364,22.04,31.76
2006-11-10,200252,135018,21317,9110,4603,21.98,29.33
2006-11-17,201658,133820,20331,9149,4210,22.04,31.79
2006-11-24,201069,132818,21158,9320,4236,21.57,31.35
2006-12-01,200031,132359,21116,9477,4275,21.11,30.96
2006-12-08,199857,131914,21349,9394,4300,21.27,30.68
2006-12-15,200915,133120,20918,9491,4325,21.17,30.78
2006-12-22,203853,133592,20781,9229,4351,22.09,30.7
2006-12-29,209532,135563,20368,9247,4147,22.66,32.69
2007-01-05,213295,140965,19562,9201,3979,23.18,35.43
2007-01-12,216786,141875,20201,9060,3978,23.93,35.66
2007-01-19,220795,142625,20369,9008,4107,24.51,34.73
2007-01-26,224614,139977,20869,9090,4540,24.71,30.83
2007-02-02,227214,136345,21637,9136,4651,24.87,29.32
2007-02-09,225156,133327,21815,9061,4709,24.85,28.31
2007-02-16,222115,128290,22037,9198,4734,24.15,27.1
2007-02-23,220175,124503,21698,9121,4710,24.14,26.43
2007-03-02,216425,123172,21273,9191,4498,23.55,27.38
2007-03-09,213939,120439,21003,9158,4476,23.36,26.91
2007-03-16,210489,118729,21344,9240,4462,22.78,26.61
2007-03-23,210231,118029,20807,9250,4348,22.73,27.15
2007-03-30,205201,117952,20747,9491,4288,21.62,27.51
2007-04-06,199725,118122,20823,9472,4308,21.09,27.42
2007-04-13,197007,117327,20825,9247,4428,21.3,26.5
2007-04-20,194214,117332,21076,9163,4260,21.2,27.54
2007-04-27,193099,117134,20796,9260,4289,20.85,27.31
2007-05-04,193471,118764,20795,9344,4134,20.71,28.73
2007-05-11,195235,119756,20831,9404,4092,20.76,29.27
2007-05-18,196666,120268,20786,9433,4161,20.85,28.9
2007-05-25,198027,120415,21235,9485,4335,20.88,27.78
2007-06-01,201537,122279,20972,9495,4084,21.23,29.94
2007-06-08,201540,122566,21062,9487,4079,21.24,30.05
2007-06-15,203331,122723,20517,9591,4086,21.2,30.03
2007-06-22,202582,120448,21087,9575,4391,21.16,27.43
2007-06-29,204433,121610,20616,9557,4010,21.39,30.33
2007-07-06,205576,122370,21069,9663,4036,21.27,30.32
2007-07-13,203341,122225,21008,9710,4109,20.94,29.75
2007-07-20,204134,123653,21006,9688,4043,21.07,30.58
2007-07-27,204720,126542,20900,9662,4110,21.19,30.79
2007-08-03,202997,127516,21090,9575,4110,21.2,31.03
2007-08-10,201940,127669,21139,9572,4158,21.1,30.7
2007-08-17,196231,129025,21305,9762,4288,20.1,30.09
2007-08-24,192564,129914,21260,9626,4199,20.0,30.94
2007-08-31,191083,132170,21422,9577,4215,19.95,31.36
2007-09-07,190417,133963,20449,9393,4067,20.27,32.94
2007-09-14,190834,135527,20559,9247,4030,20.64,33.63
2007-09-21,191366,137060,20184,9235,4067,20.72,33.7
2007-09-28,191325,135887,20640,9120,4275,20.98,31.79
2007-10-05,193000,135324,20792,9200,4467,20.98,30.29
2007-10-12,195768,136318,21024,9253,4163,21.16,32.75
2007-10-19,193837,134471,20660,9373,4276,20.68,31.45
2007-10-26,195132,135279,20412,9355,4156,20.86,32.55
2007-11-02,194313,135377,20661,9367,4238,20.74,31.94
2007-11-09,195027,133412,20627,9187,4520,21.23,29.52
2007-11-16,195190,131005,21350,9222,4603,21.17,28.46
2007-11-23,196628,130916,20863,9356,4330,21.02,30.23
2007-11-30,200623,132344,20795,9266,4252,21.65,31.13
2007-12-07,202241,131534,20977,9348,4340,21.63,30.31
2007-12-14,205221,129376,21050,9287,4692,22.1,27.57
2007-12-21,205857,126608,21535,9446,4652,21.79,27.22
2007-12-28,207842,127177,21349,9286,4340,22.38,29.3
2008-01-04,213063,128693,21288,9304,4223,22.9,30.47
2008-01-11,215256,129845,20469,9116,4216,23.61,30.8
2008-01-18,220341,128543,20749,8964,4347,24.58,29.57
2008-01-25,223899,127004,20785,8940,4206,25.04,30.2
2008-02-01,227487,127139,20490,8916,4169,25.51,30.5
2008-02-08,229236,126973,20118,9020,4196,25.41,30.26
2008-02-15,230264,122527,21311,9125,4825,25.23,25.39
2008-02-22,232619,119952,20407,9045,4249,25.72,28.23
2008-02-29,234276,117625,20383,9071,4322,25.83,27.22
2008-03-07,235967,116400,20081,9131,4020,25.84,28.96
2008-03-14,232520,113490,20164,9071,4342,25.63,26.14
2008-03-21,229235,111349,20485,9116,4227,25.15,26.34
2008-03-28,224710,109720,20402,9330,4232,24.08,25.93
2008-04-04,221268,106027,20769,9286,4465,23.83,23.75
2008-04-11,215751,106079,20591,9338,4068,23.1,26.08
2008-04-18,212572,104702,21116,9215,4360,23.07,24.01
2008-04-25,211089,105831,20241,9189,4136,22.97,25.59
2008-05-02,211883,105724,20496,9311,4188,22.76,25.24
2008-05-09,210168,107062,20274,9343,4124,22.49,25.96
2008-05-16,209413,107790,20347,9359,4185,22.38,25.76
2008-05-23,206155,109431,20807,9373,4078,21.99,26.83
2008-05-30,209090,111704,20153,9129,4114,22.9,27.15
2008-06-06,210088,113981,20243,9411,4025,22.32,28.32
2008-06-13,208910,116598,20456,9251,4070,22.58,28.65
2008-06-20,208757,119421,20079,9334,4040,22.37,29.56
2008-06-27,210857,120685,20590,9357,4287,22.53,28.15
2008-07-04,211766,122501,20320,9347,4272,22.66,28.68
2008-07-11,214238,125690,20198,9344,4126,22.93,30.46
2008-07-18,217085,128109,19903,9342,4077,23.24,31.42
2008-07-25,213560,130505,20204,9468,4199,22.56,31.08
2008-08-01,209216,133346,20215,9484,4152,22.06,32.12
2008-08-08,202822,131587,20372,9446,4406,21.47,29.87
2008-08-15,196620,132068,20106,9423,4087,20.87,32.31
2008-08-22,195441,132125,20133,9411,4188,20.77,31.55
2008-08-29,194404,131712,20555,9424,4348,20.63,30.29
2008-09-05,187942,130460,19784,9090,3895,20.68,33.49
2008-09-12,184634,129625,19049,8907,3728,20.73,34.77
2008-09-19,178739,125449,18784,8741,3732,20.45,33.61
2008-09-26,179640,123090,18465,8730,3888,20.58,31.66
2008-10-03,186815,122601,18341,8691,3928,21.5,31.21
2008-10-10,193788,122148,18865,8894,4004,21.79,30.51
2008-10-17,196497,124304,19193,9065,3976,21.68,31.26
2008-10-24,194990,126629,19113,9057,4037,21.53,31.37
2008-10-31,196113,127835,19216,9095,4030,21.56,31.72
2008-11-07,198095,128351,19004,9002,3925,22.01,32.7
2008-11-14,198634,126880,18972,8962,4056,22.16,31.28
2008-11-21,200476,126694,19482,8844,4086,22.67,31.01
2008-11-28,198942,124973,19606,8933,3892,22.27,32.11
2008-12-05,202664,130587,19149,9015,3672,22.48,35.56
2008-12-12,203959,133523,20192,9175,4090,22.23,32.65
2008-12-19,207295,135337,20191,8867,4102,23.38,32.99
2008-12-26,208103,136031,20211,9106,4310,22.85,31.56
2009-01-02,211437,137821,19836,8990,4318,23.52,31.92
2009-01-09,213505,144167,18640,8758,3654,24.38,39.45
2009-01-16,219980,144957,19097,8641,4082,25.46,35.51
2009-01-23,219859,143952,20151,8650,4258,25.42,33.81
2009-01-30,220221,142591,20306,9015,4220,24.43,33.79
2009-02-06,217559,141565,19662,9006,4115,24.16,34.4
2009-02-13,218664,140752,19690,8908,4359,24.55,32.29
2009-02-20,215342,141634,19233,9010,3988,23.9,35.52
2009-02-27,215510,143296,19577,9204,3764,23.41,38.07
2009-03-06,212517,145404,18892,8972,3784,23.69,38.43
2009-03-13,215712,145516,18787,8955,3721,24.09,39.11
2009-03-20,214568,143932,19191,9100,3928,23.58,36.64
2009-03-27,216793,144153,18591,9125,3653,23.76,39.46
2009-04-03,217449,140799,18867,9024,4065,24.1,34.64
2009-04-10,216505,139629,18239,8944,3769,24.21,37.05
2009-04-17,217307,142311,18160,9136,3452,23.79,41.23
2009-04-24,212612,144105,18429,9151,3441,23.23,41.88
2009-05-01,212445,146533,18019,8923,3446,23.81,42.52
2009-05-08,208291,147455,18168,8911,3625,23.37,40.68
2009-05-15,203954,148127,18403,9232,3641,22.09,40.68
2009-05-22,203417,148375,18579,9538,3636,21.33,40.81
2009-05-29,203202,150036,17679,9020,3455,22.53,43.43
2009-06-05,201649,149718,18725,9141,3572,22.06,41.91
2009-06-12,205034,150026,18964,9354,3384,21.92,44.33
2009-06-19,208905,152103,17913,9129,3383,22.88,44.96
2009-06-26,211238,154999,18169,9053,3257,23.33,47.59
2009-07-03,213140,158738,18494,9229,3039,23.09,52.23
2009-07-10,214578,159291,18846,9163,3439,23.42,46.32
2009-07-17,215391,160509,18917,9255,3455,23.27,46.46
2009-07-24,213076,162617,18713,9171,3265,23.23,49.81
2009-07-31,212858,161481,19287,9199,3426,23.14,47.13
2009-08-07,211931,162267,18702,8951,3198,23.68,50.74
2009-08-14,209754,161617,19279,9205,3466,22.79,46.63
2009-08-21,208054,162384,19473,9105,3412,22.85,47.59
2009-08-28,205085,163563,19713,9478,3497,21.64,46.77
2009-09-04,207153,165556,19522,9283,3482,22.32,47.55
2009-09-11,207700,167793,19104,9001,3355,23.08,50.01
2009-09-18,213109,170754,18476,8790,3303,24.24,51.7
2009-09-25,211452,171077,18909,9126,3409,23.17,50.18
2009-10-02,214389,171756,18733,9269,3527,23.13,48.7
2009-10-09,209159,170672,18936,9256,3557,22.6,47.98
2009-10-16,206945,169888,18669,8950,3487,23.12,48.72
2009-10-23,208564,167754,18523,8858,3637,23.55,46.12
2009-10-30,208277,167376,19144,9015,3570,23.1,46.88
2009-11-06,210837,167725,18315,8844,3543,23.84,47.34
2009-11-13,209082,167397,18506,9015,3602,23.19,46.47
2009-11-20,210085,166868,18820,9092,3661,23.11,45.58
2009-11-27,214081,165698,18323,8943,3579,23.94,46.3
2009-12-04,216334,167317,18348,9012,3320,24.01,50.4
2009-12-11,217213,164363,19572,8963,3792,24.23,43.34
2009-12-18,216330,161336,19377,9045,3988,23.92,40.46
2009-12-25,215964,159281,19062,9074,3656,23.8,43.57
2010-01-01,219701,159048,18755,8741,3546,25.13,44.85
2010-01-08,223492,160401,18637,8740,3614,25.57,44.38
2010-01-15,227442,157138,18736,8602,3823,26.44,41.1
2010-01-22,229427,157496,18884,8619,3725,26.62,42.28
2010-01-29,228121,156548,18742,8613,3659,26.49,42.78
2010-02-05,230445,156192,19261,8766,3696,26.29,42.26
2010-02-12,232065,153255,19092,8521,3787,27.23,40.47
2010-02-19,231170,152664,19283,9064,3662,25.5,41.69
2010-02-26,231943,151821,19618,8882,3829,26.11,39.65
2010-03-05,228984,149604,19653,8992,3645,25.47,41.04
2010-03-12,227274,148113,18832,8849,3762,25.68,39.37
2010-03-19,224559,145691,19336,9087,3809,24.71,38.25
2010-03-26,224872,144606,19021,9060,3646,24.82,39.66
2010-04-02,222374,145680,18907,9076,3637,24.5,40.05
2010-04-09,221338,146787,19012,9325,3583,23.74,40.97
2010-04-16,224925,148883,18484,9152,3466,24.58,42.96
2010-04-23,223685,151820,18428,9290,3597,24.08,42.21
2010-04-30,224942,152393,19467,9282,3895,24.23,39.13
2010-05-07,222128,153789,19320,9140,3890,24.3,39.53
2010-05-14,221834,152810,19604,9092,4086,24.4,37.4
2010-05-21,221631,152543,19714,9099,4021,24.36,37.94
2010-05-28,218984,152988,20021,9174,4031,23.87,37.95
2010-06-04,218976,154824,19316,9194,3903,23.82,39.67
2010-06-11,218340,156622,19135,9338,3845,23.38,40.73
2010-06-18,217578,156919,19498,9241,3784,23.54,41.47
2010-06-25,218115,159376,18967,9462,3550,23.05,44.89
2010-07-02,219435,159697,19599,9449,3949,23.22,40.44
2010-07-09,221036,162640,18724,9080,3527,24.34,46.11
2010-07-16,222154,166575,19281,9435,3358,23.55,49.61
2010-07-23,222245,167513,19642,9632,3599,23.07,46.54
2010-07-30,222974,169686,19302,9477,3464,23.53,48.99
2010-08-06,223383,173142,19472,9236,3400,24.19,50.92
2010-08-13,223344,174211,19415,9459,3674,23.61,47.42
2010-08-20,225617,175974,19293,9375,3628,24.07,48.5
2010-08-27,225405,175235,19590,9386,3927,24.02,44.62
2010-09-03,225162,174847,19447,9263,3932,24.31,44.47
2010-09-10,224468,174507,19216,9019,3842,24.89,45.42
2010-09-17,226058,174854,19098,8847,3689,25.55,47.4
2010-09-24,222589,173589,19754,9383,3899,23.72,44.52
2010-10-01,219943,172465,18784,8989,3724,24.47,46.31
2010-10-08,218174,172210,18714,8812,3704,24.76,46.49
2010-10-15,219329,170055,18682,8891,3954,24.67,43.01
2010-10-22,214942,168442,19366,9358,4064,22.97,41.45
2010-10-29,212253,164874,19267,9015,4106,23.54,40.15
2010-11-05,210336,159902,19609,9056,4394,23.23,36.39
2010-11-12,207679,158792,18919,8952,3780,23.2,42.01
2010-11-19,209592,158251,19010,8829,3804,23.74,41.6
2010-11-26,210153,158057,18454,8867,3668,23.7,43.09
2010-12-03,213964,160211,19936,9171,3664,23.33,43.73
2010-12-10,214773,161305,20209,9349,3771,22.97,42.78
2010-12-17,217173,160716,19981,9213,4049,23.57,39.69
2010-12-24,214857,160959,20749,9399,3991,22.86,40.33
2010-12-31,218146,162107,19059,8853,3735,24.64,43.4
2011-01-07,223227,164759,18958,8819,3569,25.31,46.16
2011-01-14,227670,165797,19113,8775,3611,25.95,45.91
2011-01-21,230074,165657,19035,8632,3710,26.65,44.65
2011-01-28,236228,164078,18787,8549,3891,27.63,42.17
2011-02-04,240891,164366,19157,8524,3682,28.26,44.64
2011-02-11,241096,161270,19793,8810,3979,27.37,40.53
2011-02-18,238298,159937,19664,9101,3654,26.18,43.77
2011-02-25,234708,159186,18958,9162,3697,25.62,43.06
2011-03-04,229214,155209,19669,9192,4206,24.94,36.9
2011-03-11,225040,152608,19111,8830,3910,25.49,39.03
2011-03-18,219720,152615,19310,9074,3771,24.21,40.47
2011-03-25,217036,153325,18605,8866,3637,24.48,42.16
2011-04-01,216679,153520,19183,8853,3672,24.48,41.81
2011-04-08,209679,150839,19258,9181,3800,22.84,39.69
2011-04-15,208096,148335,19274,9062,4112,22.96,36.07
2011-04-22,205588,146530,19588,9148,3737,22.47,39.21
2011-04-29,204542,145132,18332,8943,3893,22.87,37.28
2011-05-06,205817,144289,18164,8826,3769,23.32,38.28
2011-05-13,205936,143132,18515,9048,3620,22.76,39.54
2011-05-20,209730,141092,18916,9025,3984,23.24,35.41
2011-05-27,212283,140116,19134,9431,3846,22.51,36.43
2011-06-03,214492,140926,19222,9163,3802,23.41,37.07
2011-06-10,215065,140821,18806,9370,3604,22.95,39.07
2011-06-17,214601,141994,19037,9319,3419,23.03,41.53
2011-06-24,213173,142252,18877,9261,3552,23.02,40.05
2011-07-01,212539,142061,19232,9309,3743,22.83,37.95
2011-07-08,211699,145028,18513,9016,3324,23.48,43.63
2011-07-15,212456,148460,18853,9028,3402,23.53,43.64
2011-07-22,213478,151845,18426,8999,3458,23.72,43.91
2011-07-29,215179,152254,19641,9215,3998,23.35,38.08
2011-08-05,213591,151517,20293,9244,3946,23.11,38.4
2011-08-12,210081,153966,19414,9195,3553,22.85,43.33
2011-08-19,211436,155697,19243,9009,3850,23.47,40.44
2011-08-26,208641,156060,19562,9229,4086,22.61,38.19
2011-09-02,208840,156769,19386,8956,3853,23.32,40.69
2011-09-09,210780,158480,18654,8848,3658,23.82,43.32
2011-09-16,214075,157606,19024,8858,3875,24.17,40.67
2011-09-23,214866,157678,19083,8964,3818,23.97,41.3
2011-09-30,213729,156934,19101,8959,4100,23.86,38.28
2011-10-07,209595,154005,18737,9010,4068,23.26,37.86
2011-10-14,206271,149739,18329,8598,4183,23.99,35.8
2011-10-21,204918,145464,18884,8501,4249,24.11,34.23
2011-10-28,206274,141889,18641,8518,4374,24.22,32.44
2011-11-04,204167,135869,20037,8671,4362,23.55,31.15
2011-11-11,205159,133733,19311,8625,4189,23.79,31.92
2011-11-18,209634,132963,18585,8592,4069,24.4,32.68
2011-11-25,209847,138489,17946,8769,3240,23.93,42.74
2011-12-02,214994,141022,18308,8574,3920,25.08,35.98
2011-12-09,218818,141502,18409,8666,3953,25.25,35.8
2011-12-16,218406,139149,19324,8879,4400,24.6,31.62
2011-12-23,217714,140354,18499,8923,3804,24.4,36.9
2011-12-30,220193,143578,18023,8556,3528,25.74,40.7
2012-01-06,223803,147563,17811,8179,3279,27.36,45.0
2012-01-13,227520,148001,17902,7996,3635,28.45,40.72
2012-01-20,227130,145545,19241,8098,3886,28.05,37.45
2012-01-27,230147,145410,17704,8018,3736,28.7,38.92
2012-02-03,231776,146584,17618,8039,3436,28.83,42.66
2012-02-10,232176,143717,18655,8167,3811,28.43,37.71
2012-02-17,231527,143509,18237,8628,3324,26.83,43.17
2012-02-24,229927,141440,18256,8363,3673,27.49,38.51
2012-03-02,229531,139496,18178,8262,3545,27.78,39.35
2012-03-09,228121,134814,18571,8415,3832,27.11,35.18
2012-03-16,226907,136577,17674,8379,3217,27.08,42.45
2012-03-23,223370,135866,18204,8710,3596,25.65,37.78
2012-03-30,221913,135885,18186,8783,3597,25.27,37.78
2012-04-06,217636,131885,19005,8681,3932,25.07,33.54
2012-04-13,213965,128977,18863,8775,4016,24.38,32.12
2012-04-20,211730,125925,18756,8496,3796,24.92,33.17
2012-04-27,209721,124022,18544,8692,3550,24.13,34.94
2012-05-04,207108,120771,18603,8864,3957,23.37,30.52
2012-05-11,204311,119802,19013,8971,3648,22.77,32.84
2012-05-18,201012,119493,18683,8633,3608,23.28,33.12
2012-05-25,200179,117784,18320,8931,3860,22.41,30.51
2012-06-01,203525,120037,18226,8648,3379,23.53,35.52
2012-06-08,201801,119974,19405,9130,3685,22.1,32.56
2012-06-15,202744,121130,18599,8693,3505,23.32,34.56
2012-06-22,204822,118851,19064,8846,3827,23.15,31.06
2012-06-29,204973,117800,19601,9001,3849,22.77,30.61
2012-07-06,207725,120912,18535,8917,3244,23.3,37.27
2012-07-13,205910,123531,18596,8628,3366,23.87,36.7
2012-07-20,210044,125239,19076,8660,3482,24.25,35.97
2012-07-27,207870,124265,19150,8820,3746,23.57,33.17
2012-08-03,206069,123541,18946,8839,3790,23.31,32.6
2012-08-10,203698,124218,20026,9308,3569,21.88,34.8
2012-08-17,202736,125210,18747,9081,3561,22.33,35.16
2012-08-24,201227,126083,19116,9064,3563,22.2,35.39
2012-08-31,198893,127076,18942,9177,3221,21.67,39.45
2012-09-07,197716,128552,17999,8695,3269,22.74,39.32
2012-09-14,196309,128230,18334,8632,3685,22.74,34.8
2012-09-21,195828,127748,18315,8770,3704,22.33,34.49
2012-09-28,195942,124059,18720,8633,4092,22.7,30.32
2012-10-05,195408,120882,18719,8587,3822,22.76,31.63
2012-10-12,197128,118664,19519,8729,3879,22.58,30.59
2012-10-19,198567,118018,19136,8493,3526,23.38,33.47
2012-10-26,199502,117925,18326,8844,3543,22.56,33.28
2012-11-02,202377,118056,18371,8307,3589,24.36,32.89
2012-11-09,201937,115517,19346,8908,4106,22.67,28.13
2012-11-16,200390,112842,19437,8898,4201,22.52,26.86
2012-11-23,204255,112042,18969,8427,3837,24.24,29.2
2012-11-30,212115,115069,18337,8354,3544,25.39,32.47
2012-12-07,217115,118055,18825,8488,3500,25.58,33.73
2012-12-14,219322,116970,19955,8618,4214,25.45,27.76
2012-12-21,223104,119393,18857,8608,3711,25.92,32.17
2012-12-28,225673,123967,18894,8518,3256,26.49,38.07
2013-01-04,233085,130744,17755,8010,3086,29.1,42.37
2013-01-11,234995,132430,17954,8320,3446,28.24,38.43
2013-01-18,233257,132938,18645,8431,3372,27.67,39.42
2013-01-25,232301,130623,18681,8501,3721,27.33,35.1
2013-02-01,234039,129581,18052,8415,3624,27.81,35.76
2013-02-08,233236,125904,19048,8404,3942,27.75,31.94
2013-02-15,230352,123627,18412,8437,3808,27.3,32.47
2013-02-22,228495,124184,18680,8597,3502,26.58,35.46
2013-03-01,227879,120354,18296,8364,3857,27.25,31.2
2013-03-08,224308,120437,18597,8627,3348,26.0,35.97
2013-03-15,222832,119765,17765,8324,3580,26.77,33.45
2013-03-22,221236,115252,18873,8399,4222,26.34,27.3
2013-03-29,220664,112986,18966,8523,3881,25.89,29.11
2013-04-05,222363,112817,18121,8477,3852,26.23,29.29
2013-04-12,221730,115181,18461,8383,3626,26.45,31.77
2013-04-19,217802,115278,18610,8750,3588,24.89,32.13
2013-04-26,215984,115752,17937,8415,3665,25.67,31.58
2013-05-03,215074,117564,19100,8445,3664,25.47,32.09
2013-05-10,217662,119864,18516,8341,3577,26.1,33.51
2013-05-17,220677,118812,18846,8790,4220,25.11,28.15
2013-05-24,219163,120663,18286,8956,3816,24.47,31.62
2013-05-31,218797,123274,18779,8822,3751,24.8,32.86
2013-06-07,221545,122111,17923,8648,4078,25.62,29.94
2013-06-14,221728,121622,18419,8840,4015,25.08,30.29
2013-06-21,225381,123189,18967,8894,3894,25.34,31.64
2013-06-28,223662,120771,20392,9294,4450,24.07,27.14
2013-07-05,221028,123809,19239,9299,3843,23.77,32.22
2013-07-12,224083,127679,19467,8729,3817,25.67,33.45
2013-07-19,222694,126452,19787,8982,4309,24.79,29.35
2013-07-26,223464,125986,19664,9147,3977,24.43,31.68
2013-08-02,223599,126455,19688,9246,3874,24.18,32.64
2013-08-09,222430,128482,19088,9190,3611,24.2,35.58
2013-08-16,218401,129353,19337,9200,3612,23.74,35.81
2013-08-23,217814,129037,19449,9031,3842,24.12,33.59
2013-08-30,215987,129586,18911,9094,3804,23.75,34.07
2013-09-06,217645,132172,18360,8605,3523,25.29,37.52
2013-09-13,216018,131093,19820,9028,4051,23.93,32.36
2013-09-20,216235,130859,19261,8846,3581,24.44,36.54
2013-09-27,219730,129179,18681,8527,3831,25.77,33.72
2013-10-04,219879,126038,19044,8846,3826,24.86,32.94
2013-10-11,217309,124237,18990,9077,3731,23.94,33.3
2013-10-18,215504,125774,18269,8797,3330,24.5,37.77
2013-10-25,213791,122716,20136,9054,4156,23.61,29.53
2013-11-01,210036,117817,20223,9292,4512,22.6,26.11
2013-11-08,209198,117336,20297,9032,3790,23.16,30.96
2013-11-15,208853,112541,20438,8924,4333,23.4,25.97
2013-11-22,210604,110875,19635,8909,4024,23.64,27.55
2013-11-29,212432,113524,19973,8873,3550,23.94,31.98
2013-12-06,219149,118065,18554,8348,3304,26.25,35.73
2013-12-13,220486,115955,20996,9016,4089,24.45,28.36
2013-12-20,219872,114105,20484,9176,4171,23.96,27.36
2013-12-27,220716,119147,19004,8893,3314,24.82,35.95
2014-01-03,226959,124973,18222,8274,3022,27.43,41.35
2014-01-10,233142,123950,18858,8021,3724,29.07,33.28
2014-01-17,235265,120738,18959,8059,3779,29.19,31.95
2014-01-24,234446,116154,20047,8584,4524,27.31,25.68
2014-01-31,234951,113794,19110,8452,3940,27.8,28.88
2014-02-07,233098,113063,18541,8325,3675,28.0,30.77
2014-02-14,233407,112724,18709,8030,3623,29.07,31.11
2014-02-21,230600,113062,18283,8535,3617,27.02,31.26
2014-02-28,228996,114476,18291,8411,3546,27.23,32.28
2014-03-07,223766,113943,19027,8949,3697,25.0,30.82
2014-03-14,222299,110846,18783,8512,4159,26.12,26.65
2014-03-21,217198,112401,18257,9002,3476,24.13,32.34
2014-03-28,215624,112955,18199,8713,3795,24.75,29.76
2014-04-04,210436,113194,18289,8996,3927,23.39,28.82
2014-04-11,210282,111916,18412,8616,4165,24.41,26.87
2014-04-18,210008,112513,18051,8430,3834,24.91,29.35
2014-04-25,211572,114449,18849,8693,3909,24.34,29.28
2014-05-02,213180,114002,18552,8719,4325,24.45,26.36
2014-05-09,212408,112878,19447,9191,4271,23.11,26.43
2014-05-16,213378,116277,18855,9174,3791,23.26,30.67
2014-05-23,211575,116081,19563,9310,4201,22.73,27.63
2014-05-30,211785,118093,18586,9104,4157,23.26,28.41
2014-06-06,213482,118953,18025,8624,3883,24.75,30.63
2014-06-13,214267,119389,18557,9258,3811,23.14,31.33
2014-06-20,214977,120566,18807,8813,3646,24.39,33.07
2014-06-27,213742,121541,19433,9168,3778,23.31,32.17
2014-07-04,214321,121768,19248,8935,3966,23.99,30.7
2014-07-11,214492,124296,19277,9057,3733,23.68,33.3
2014-07-18,217871,125932,19311,8792,3917,24.78,32.15
2014-07-25,218236,126721,19607,9006,3833,24.23,33.06
2014-08-01,213849,124923,20335,9359,4034,22.85,30.97
2014-08-08,212689,122502,19825,8922,4030,23.84,30.4
2014-08-15,213274,121542,19885,8775,4002,24.3,30.37
2014-08-22,212314,122794,19183,9100,3645,23.33,33.69
2014-08-29,209992,123399,19955,9480,3947,22.15,31.26
2014-09-05,212373,127493,18596,8611,3403,24.66,37.46
2014-09-12,210738,127772,19749,8707,3830,24.2,33.36
2014-09-19,210324,128595,19177,8781,3750,23.95,34.29
2014-09-26,208488,125701,19400,8660,4117,24.07,30.53
2014-10-03,209668,126140,19019,8645,3498,24.25,36.06
2014-10-10,205673,124622,19595,9043,3710,22.74,33.59
2014-10-17,204374,125671,18645,8836,3309,23.13,37.98
2014-10-24,203138,120377,20061,8867,3926,22.91,30.66
2014-10-31,201760,119653,19607,9162,3480,22.02,34.38
2014-11-07,203565,116850,19844,9005,3967,22.61,29.46
2014-11-14,204599,114794,19702,9194,3794,22.25,30.26
2014-11-21,206424,113146,20480,9254,4120,22.31,27.46
2014-11-28,208567,116174,19831,9425,3574,22.13,32.51
2014-12-05,216764,121751,19454,8549,3466,25.36,35.13
2014-12-12,222014,121544,20465,9373,4240,23.69,28.67
2014-12-19,226097,123847,21037,9518,4304,23.75,28.77
2014-12-26,229048,125721,19939,9614,4235,23.82,29.69
2015-01-02,237163,136926,19353,8809,2865,26.92,47.79
2015-01-09,240334,139851,19257,8875,3943,27.08,35.47
2015-01-16,240922,136579,20246,8851,4524,27.22,30.19
2015-01-23,238335,132687,20515,9022,4567,26.42,29.05
2015-01-30,240670,134475,18619,8442,3684,28.51,36.5
2015-02-06,242647,131223,19651,8282,4300,29.3,30.52
2015-02-13,243132,127409,20399,8809,4250,27.6,29.98
2015-02-20,240014,124698,19813,8915,4282,26.92,29.12
2015-02-27,240060,122976,19658,8630,4053,27.82,30.34
2015-03-06,239873,125503,18617,8515,3758,28.17,33.4
2015-03-13,235400,125883,19530,9260,3774,25.42,33.36
2015-03-20,233386,125849,18712,8619,3966,27.08,31.73
2015-03-27,229128,127174,19481,9435,3820,24.28,33.29
2015-04-03,229945,126924,19099,8610,4215,26.71,30.11
2015-04-10,227873,128941,18995,8914,3807,25.56,33.87
2015-04-17,225738,129336,19145,9185,3855,24.58,33.55
2015-04-24,227451,129270,19600,8920,3993,25.5,32.37
2015-05-01,227852,130773,18224,8785,3879,25.94,33.71
2015-05-08,226710,128270,20654,9201,4524,24.64,28.35
2015-05-15,223936,127724,20292,9261,4161,24.18,30.7
2015-05-22,220627,128839,19971,9734,3955,22.67,32.58
2015-05-29,220293,132612,18867,8978,3523,24.54,37.64
2015-06-05,217354,133477,19802,9600,4115,22.64,32.44
2015-06-12,217814,133591,19971,9176,4117,23.74,32.45
2015-06-19,218494,135428,20668,9655,3608,22.63,37.54
2015-06-26,216737,135820,19723,9731,3904,22.27,34.79
2015-07-03,217952,137461,19259,9532,3794,22.87,36.23
2015-07-10,218010,141280,19840,9404,3465,23.18,40.77
2015-07-17,216285,141515,21007,9749,4004,22.19,35.34
2015-07-24,215922,144103,20246,9339,3628,23.12,39.72
2015-07-31,216733,144812,20185,9687,3780,22.37,38.31
2015-08-07,215482,147806,20077,9686,3545,22.25,41.69
2015-08-14,212774,148400,21375,9705,3895,21.92,38.1
2015-08-21,214434,149836,19422,9189,3601,23.34,41.61
2015-08-28,214163,149951,20265,9438,3761,22.69,39.87
2015-09-04,214547,150903,19758,9017,3565,23.79,42.33
2015-09-11,217387,153963,18554,8983,3482,24.2,44.22
2015-09-18,218756,151875,20154,9215,4322,23.74,35.14
2015-09-25,222010,151608,19615,9021,3762,24.61,40.3
2015-10-02,223920,149150,18842,8958,4191,25.0,35.59
2015-10-09,221302,147630,19463,9137,3618,24.22,40.8
2015-10-16,219784,145008,19485,9157,3819,24.0,37.97
2015-10-23,218647,142057,20264,9343,4261,23.4,33.34
2015-10-30,215347,140757,19415,9184,4006,23.45,35.14
2015-11-06,213245,141109,19803,9388,3813,22.71,37.01
2015-11-13,214254,140318,19465,9054,4157,23.66,33.75
2015-11-20,216732,141364,19386,8921,3700,24.29,38.21
2015-11-27,216867,144415,19822,9281,3646,23.37,39.61
2015-12-04,217653,149413,20252,9420,3268,23.11,45.72
2015-12-11,219384,151976,20269,9220,3521,23.79,43.16
2015-12-18,220495,151315,19767,9185,3995,24.01,37.88
2015-12-25,221420,153110,20501,9395,3633,23.57,42.14
2016-01-01,231996,159418,18285,8159,3034,28.43,52.54
2016-01-08,240434,165554,18542,8500,2832,28.29,58.46
2016-01-15,244997,164529,19984,9079,3678,26.99,44.73
2016-01-22,248461,160472,21108,8941,4005,27.79,40.07
2016-01-29,254399,159695,19146,8341,3524,30.5,45.32
2016-02-05,255657,160976,19013,9122,3162,28.03,50.91
2016-02-12,258693,162375,19726,9203,3482,28.11,46.63
2016-02-19,256457,160715,20682,9576,3704,26.78,43.39
2016-02-26,254989,163597,19165,9121,3364,27.96,48.63
2016-03-04,250463,162478,19855,9411,3706,26.61,43.84
2016-03-11,249716,161343,19287,9458,3870,26.4,41.69
2016-03-18,245074,162260,19417,9503,3373,25.79,48.11
2016-03-25,242560,161185,19479,9244,3848,26.24,41.89
2016-04-01,243998,162984,19926,9224,3609,26.45,45.16
2016-04-08,239761,163489,20019,9633,3853,24.89,42.43
2016-04-15,239651,159935,20226,9444,4276,25.38,37.4
2016-04-22,241259,158240,19808,9315,4122,25.9,38.39
2016-04-29,241795,156979,20229,9502,3946,25.45,39.78
2016-05-06,240564,155332,19981,9658,4014,24.91,38.7
2016-05-13,238068,152162,20792,9755,4326,24.4,35.17
2016-05-20,240111,150878,20434,9516,4088,25.23,36.91
2016-05-27,238619,149623,20339,9716,3827,24.56,39.1
2016-06-03,239629,151377,19740,9568,3576,25.04,42.33
2016-06-10,237004,152163,20807,9762,3817,24.28,39.86
2016-06-17,237631,152314,19971,9815,3902,24.21,39.03
2016-06-24,238998,150513,21176,9709,3998,24.62,37.65
2016-07-01,238876,148939,20061,9755,3933,24.49,37.87
2016-07-08,240089,152997,19432,9671,3206,24.83,47.72
2016-07-15,241000,152783,20641,9785,3920,24.63,38.98
2016-07-22,241452,152003,20764,9797,3856,24.65,39.42
2016-07-29,238190,153155,20938,9752,3605,24.42,42.48
2016-08-05,235383,151196,20672,9769,3937,24.09,38.4
2016-08-12,232659,153135,20579,9762,3488,23.83,43.9
2016-08-19,232695,153257,20729,9659,3790,24.09,40.44
2016-08-26,232004,154753,20153,9511,3838,24.39,40.32
2016-09-02,227793,158135,21328,9595,3688,23.74,42.88
2016-09-09,228360,162754,20228,9406,3276,24.28,49.68
2016-09-16,225156,164992,19436,9650,3431,23.33,48.09
2016-09-23,227183,163077,19278,8880,3772,25.58,43.23
2016-09-30,227405,160718,20556,9390,3875,24.22,41.48
2016-10-07,225498,156972,20743,9264,4266,24.34,36.8
2016-10-14,227967,155732,19751,8798,3987,25.91,39.06
2016-10-21,226011,152378,20524,9118,4166,24.79,36.58
2016-10-28,223804,150550,19924,9183,3863,24.37,38.97
2016-11-04,220963,148602,20183,9213,4043,23.98,36.76
2016-11-11,221709,148912,19377,9359,3944,23.69,37.76
2016-11-18,224026,149239,20063,9024,4121,24.83,36.21
2016-11-25,226123,154196,19816,9080,3841,24.9,40.14
2016-12-02,229548,156697,19109,8757,3704,26.21,42.3
2016-12-09,230045,155935,18899,8874,4030,25.92,38.69
2016-12-16,228736,153515,21401,9269,4549,24.68,33.75
2016-12-23,227143,151634,20186,9278,3967,24.48,38.22
2016-12-30,235450,161685,17904,8465,2792,27.81,57.91
2017-01-06,240473,170041,18578,8470,3198,28.39,53.17
2017-01-13,246424,169073,20670,8069,4095,30.54,41.29
2017-01-20,253220,169149,18625,8039,3645,31.5,46.41
2017-01-27,257086,170717,19264,8310,3809,30.94,44.82
2017-02-03,256217,170746,20774,8941,3910,28.66,43.67
2017-02-10,259063,170057,18604,8433,3853,30.72,44.14
2017-02-17,256435,165133,20322,8663,4292,29.6,38.47
2017-02-24,255889,164208,19445,8686,3813,29.46,43.07
2017-03-03,249334,161532,19880,9268,4091,26.9,39.48
2017-03-10,246279,157303,19475,9254,4409,26.61,35.68
2017-03-17,243468,155393,19255,9200,4012,26.46,38.73
2017-03-24,239721,152910,19883,9524,4222,25.17,36.22
2017-03-31,239103,152374,19696,9245,4098,25.86,37.18
2017-04-07,236130,150221,19868,9275,4635,25.46,32.41
2017-04-14,237672,148266,19460,9223,4177,25.77,35.5
2017-04-21,241041,150917,19133,9206,3667,26.18,41.16
2017-04-28,241232,150355,19934,9156,4256,26.35,35.33
2017-05-05,241082,148768,20571,9408,4139,25.63,35.94
2017-05-12,240669,146824,19485,9452,4215,25.46,34.83
2017-05-19,239882,146339,20787,9704,4359,24.72,33.57
2017-05-26,237024,146733,20748,9822,4025,24.13,36.46
2017-06-02,240348,151088,19306,9317,3505,25.8,43.11
2017-06-09,242444,151416,19515,9269,4045,26.16,37.43
2017-06-16,241866,152495,21069,9816,4158,24.64,36.68
2017-06-23,240972,152272,19645,9538,4029,25.26,37.79
2017-06-30,237303,150422,22240,9705,4322,24.45,34.8
2017-07-07,235656,153553,19946,9786,3858,24.08,39.8
2017-07-14,231211,151416,21191,9592,4334,24.1,34.94
2017-07-21,230196,149564,21246,9821,4376,23.44,34.18
2017-07-28,227679,149414,20620,9842,4140,23.13,36.09
2017-08-04,231103,147685,21946,9797,4510,23.59,32.75
2017-08-11,231125,148387,20937,9522,4222,24.27,35.15
2017-08-18,229902,148415,20683,9629,4077,23.88,36.4
2017-08-25,229937,149163,21435,9846,3910,23.35,38.15
2017-09-01,226738,147767,20039,9163,4063,24.74,36.37
2017-09-08,218310,144552,19707,9619,4057,22.7,35.63
2017-09-15,216185,138859,20416,9441,4264,22.9,32.57
2017-09-22,217292,138045,21092,9522,3746,22.82,36.85
2017-09-29,218936,135439,19740,9241,4007,23.69,33.8
2017-10-06,221426,133959,19677,9480,3648,23.36,36.72
2017-10-13,222334,134487,19123,9136,3477,24.34,38.68
2017-10-20,216869,129241,19977,9314,4101,23.28,31.51
2017-10-27,212849,128921,19161,9461,3534,22.5,36.48
2017-11-03,209537,125562,21309,9496,4486,22.07,27.99
2017-11-10,210431,124763,19762,9172,4029,22.94,30.97
2017-11-17,210475,125032,19286,9595,4057,21.94,30.82
2017-11-24,214102,127779,19657,8724,3882,24.54,32.92
2017-12-01,220882,129446,19951,8895,3737,24.83,34.64
2017-12-08,226546,128076,20458,9091,4380,24.92,29.24
2017-12-15,227783,128845,21126,9426,3926,24.17,32.82
2017-12-22,228374,129935,20791,9485,4326,24.08,30.04
2017-12-29,233187,138834,19923,8650,3588,26.96,38.69
2018-01-05,237322,143088,20628,8814,3655,26.93,39.15
2018-01-12,240942,139201,20809,8668,4738,27.8,29.38
2018-01-19,244040,139840,20661,8697,3847,28.06,36.35
2018-01-26,242060,137900,21046,9044,4470,26.76,30.85
2018-02-02,245474,141826,20849,9110,3778,26.95,37.54
2018-02-09,249073,141367,20316,9059,4082,27.49,34.63
2018-02-16,249334,138945,20462,9002,4224,27.7,32.89
2018-02-23,251817,137985,19885,8860,3921,28.42,35.19
2018-03-02,251029,137426,20456,9276,3926,27.06,35.0
2018-03-09,244758,133066,20946,9642,3832,25.38,34.72
2018-03-16,243065,131044,20629,9324,3917,26.07,33.46
2018-03-23,239593,128954,20903,9208,4375,26.02,29.48
2018-03-30,238477,129491,21203,9203,3887,25.91,33.31
2018-04-06,238935,128447,19806,9273,4170,25.77,30.8
2018-04-13,235967,125340,21409,9857,4356,23.94,28.77
2018-04-20,236807,122729,19023,9083,3749,26.07,32.74
2018-04-27,237978,118829,20163,9090,4485,26.18,26.49
2018-05-04,235804,115038,20571,9775,4307,24.12,26.71
2018-05-11,232014,114946,20523,9531,4222,24.34,27.23
2018-05-18,233897,113995,20635,9689,3637,24.14,31.34
2018-05-25,234431,114629,20916,9689,4319,24.2,26.54
2018-06-01,239034,116794,18454,8976,3502,26.63,33.35
2018-06-08,236763,114693,21789,9879,4404,23.97,26.04
2018-06-15,240040,117408,20203,9326,3825,25.74,30.69
2018-06-22,241196,117423,20273,9731,3612,24.79,32.51
2018-06-29,239691,117557,21241,9869,4126,24.29,28.49
2018-07-06,238997,121682,19911,9275,3805,25.77,31.98
2018-07-13,235832,121311,21328,9708,4141,24.29,29.3
2018-07-20,233504,121210,21727,9846,4167,23.72,29.09
2018-07-27,230968,124193,20576,9878,3611,23.38,34.39
2018-08-03,233868,125423,20940,9346,4002,25.02,31.34
2018-08-10,233128,128989,20203,9512,3959,24.51,32.58
2018-08-17,234328,130838,21563,9453,4065,24.79,32.19
2018-08-24,232774,130001,22144,9899,4437,23.51,29.3
2018-08-31,234619,133120,21616,9734,4290,24.1,31.03
2018-09-07,235869,139283,20567,9649,3288,24.44,42.36
2018-09-14,234150,140122,20989,9534,4152,24.56,33.75
2018-09-21,235680,137881,20001,8987,4291,26.22,32.13
2018-09-28,235221,136131,20221,9102,3877,25.84,35.11
2018-10-05,236172,133465,19810,9078,4629,26.02,28.83
2018-10-12,234156,132638,20012,9182,3793,25.5,34.97
2018-10-19,229330,130376,21546,9324,4006,24.6,32.55
2018-10-26,226169,126322,21059,9262,4426,24.42,28.54
2018-11-02,228021,122857,20459,9099,4318,25.06,28.45
2018-11-09,226610,119268,22421,9192,4633,24.65,25.74
2018-11-16,225315,119191,21208,9185,4270,24.53,27.91
2018-11-23,224551,121801,20563,9188,3569,24.44,34.13
2018-11-30,226250,125612,20578,8877,4037,25.49,31.12
2018-12-07,228337,124137,21479,9036,4469,25.27,27.78
2018-12-14,230103,119900,22361,9243,4886,24.89,24.54
2018-12-21,233106,119902,20763,9348,4242,24.94,28.27
2018-12-28,239996,129431,19093,8623,3203,27.83,40.41
2019-01-04,248062,140042,19769,8735,2955,28.4,47.39
2019-01-11,255565,143009,20912,8565,4449,29.84,32.14
2019-01-18,259615,142392,21494,8868,4668,29.28,30.5
2019-01-25,257380,141270,20835,9564,4122,26.91,34.27
2019-02-01,257893,139013,21826,9073,4673,28.42,29.75
2019-02-08,258301,140200,19169,8648,3767,29.87,37.22
2019-02-15,256847,138683,20767,8800,4216,29.19,32.89
2019-02-22,254941,138379,21494,8981,4076,28.39,33.95
2019-03-01,250714,135986,20487,9062,4145,27.67,32.81
2019-03-08,246090,136369,20773,9140,3953,26.92,34.5
2019-03-15,241503,132242,21470,9409,4706,25.67,28.1
2019-03-22,238620,130167,20111,9124,4216,26.15,30.87
2019-03-29,236839,128169,20029,9131,4156,25.94,30.84
2019-04-05,229129,128053,20307,9806,3779,23.37,33.89
2019-04-12,227955,127691,19887,9420,3353,24.2,38.08
2019-04-19,225826,127029,20420,9409,3796,24.0,33.46
2019-04-26,226743,125722,20107,9228,4215,24.57,29.83
2019-05-03,226147,125563,20420,9871,3896,22.91,32.23
2019-05-10,225024,125647,19454,9148,4094,24.6,30.69
2019-05-17,228740,126415,19649,9429,3787,24.26,33.38
2019-05-24,230944,124800,21419,9394,4282,24.58,29.15
2019-05-31,234149,129372,19398,9441,3387,24.8,38.2
2019-06-07,234913,128372,21121,9877,4368,23.78,29.39
2019-06-14,233221,127821,20816,9928,4061,23.49,31.48
2019-06-21,232225,125380,20880,9466,3968,24.53,31.6
2019-06-28,230642,126788,20756,9492,3828,24.3,33.12
2019-07-05,229187,130517,21261,9754,3551,23.5,36.75
2019-07-12,232752,136203,20260,9214,3565,25.26,38.21
2019-07-19,232526,136816,21549,9673,4264,24.04,32.09
2019-07-26,230735,135922,21287,9559,3885,24.14,34.99
2019-08-02,235172,137451,21484,9651,3886,24.37,35.37
2019-08-09,233760,135513,22055,9932,3859,23.54,35.12
2019-08-16,234072,138123,21004,9626,3758,24.32,36.75
2019-08-23,231982,136060,22225,9900,4048,23.43,33.61
2019-08-30,229586,133522,21627,9471,4134,24.24,32.3
2019-09-06,228904,136226,21426,9807,3804,23.34,35.81
2019-09-13,229685,136663,20278,8939,3859,25.69,35.41
2019-09-20,230204,133685,21199,9346,3897,24.63,34.3
2019-09-27,229976,131267,20762,9137,3960,25.17,33.15
2019-10-04,228763,127324,21412,9460,4036,24.18,31.55
2019-10-11,226201,123501,20938,9354,4366,24.18,28.29
2019-10-18,223094,120786,21171,9590,4076,23.26,29.63
2019-10-25,220057,119754,21644,9784,4263,22.49,28.09
2019-11-01,217229,119132,21077,9145,4296,23.75,27.73
2019-11-08,219090,116655,21515,9321,4534,23.5,25.73
2019-11-15,220846,115681,21275,9192,4323,24.03,26.76
2019-11-22,225978,116406,21128,9204,4393,24.55,26.5
2019-11-29,229363,119469,21108,9032,3556,25.39,33.6
2019-12-06,234768,123587,18368,8882,3731,26.43,33.12
2019-12-13,237297,125096,21810,9411,4120,25.21,30.36
2019-12-20,239260,124944,21351,9303,4214,25.72,29.65
2019-12-27,242472,133720,19955,8961,3055,27.06,43.77
2020-01-03,251609,139050,19366,8133,3373,30.94,41.22
2020-01-10,258287,147221,19047,8558,3185,30.18,46.22
2020-01-17,260032,146036,21474,8662,4389,30.02,33.27
2020-01-24,261235,144747,19598,8793,3901,29.71,37.11
2020-01-31,261144,143235,20810,8933,4211,29.23,34.01
2020-02-07,261049,141222,20965,8722,3820,29.93,36.97
2020-02-14,259078,140587,19602,8918,3728,29.05,37.71
2020-02-21,256387,138472,19870,9035,4119,28.38,33.62
2020-02-28,252048,134464,21265,9186,3919,27.44,34.31
2020-03-06,246999,128060,21875,9449,4398,26.14,29.12
2020-03-13,240819,125120,21456,9696,4013,24.84,31.18
2020-03-20,239282,124442,19420,8837,3795,27.08,32.79
2020-03-27,246806,122248,17852,6659,3907,37.06,31.29
2020-04-03,257303,122724,14437,5065,3807,50.8,32.24
2020-04-10,262217,129004,13797,5081,2757,51.61,46.79
2020-04-17,263234,136880,14103,5311,3128,49.56,43.76
2020-04-24,259565,141972,15763,5860,3164,44.29,44.87
2020-05-01,256407,151490,15354,6664,3129,38.48,48.41
2020-05-08,252894,155001,16814,7398,3818,34.18,40.6
2020-05-15,255724,158832,16586,6790,3668,37.66,43.3
2020-05-22,255000,164327,15958,7253,3266,35.16,50.31
2020-05-29,257795,174261,15066,7549,2718,34.15,64.11
2020-06-05,258661,175829,17573,7900,3302,32.74,53.25
2020-06-12,256995,174471,17290,7870,3555,32.66,49.08
2020-06-19,255322,174720,18348,8608,3466,29.66,50.41
2020-06-26,256521,174127,17353,8561,3778,29.96,46.09
2020-07-03,251682,177262,18120,8766,3019,28.71,58.72
2020-07-10,248535,176809,18480,8648,3692,28.74,47.89
2020-07-17,246733,177883,17654,8550,3223,28.86,55.19
2020-07-24,247387,178386,19094,8809,3635,28.08,49.07
2020-07-31,247806,179977,17912,8617,3700,28.76,48.64
2020-08-07,247084,177655,19369,8883,3862,27.82,46.0
2020-08-14,243762,177807,17159,8630,3253,28.25,54.66
2020-08-21,239179,179195,19619,9161,3958,26.11,45.27
2020-08-28,234859,177520,16979,8786,3918,26.73,45.31
2020-09-04,231905,175845,18678,8390,3713,27.64,47.36
2020-09-11,231524,179306,17027,8478,2809,27.31,63.83
2020-09-18,227499,175942,18439,8515,3959,26.72,44.44
2020-09-25,228182,172758,17447,8529,3655,26.75,47.27
2020-10-02,226747,171796,18345,8896,3868,25.49,44.41
2020-10-09,225121,164551,19475,8576,4175,26.25,39.41
2020-10-16,227016,160719,18112,8289,3588,27.39,44.79
2020-10-23,226124,156228,19631,8545,4240,26.46,36.85
2020-10-30,227665,154644,18362,8336,3762,27.31,41.11
2020-11-06,225356,149289,20180,8762,4054,25.72,36.83
2020-11-13,227967,144073,19564,8258,4225,27.61,34.1
2020-11-20,230147,142632,19156,8129,4175,28.31,34.16
2020-11-27,233638,145870,18468,7973,3789,29.3,38.5
2020-12-04,237859,151092,18534,7600,3389,31.3,44.58
2020-12-11,238879,151259,19335,7975,4002,29.95,37.8
2020-12-18,237754,148934,19088,8022,4174,29.64,35.68
2020-12-25,236562,152029,19317,8128,3594,29.1,42.3
2021-01-01,241081,158419,17054,7441,2941,32.4,53.87
2021-01-08,245476,163205,19607,7532,3609,32.59,45.22
2021-01-15,245217,163662,19642,8112,3821,30.23,42.83
2021-01-22,247686,162847,19681,7833,4300,31.62,37.87
2021-01-29,252153,162838,18528,7770,4198,32.45,38.79
2021-02-05,256412,161106,20183,7857,4308,32.63,37.4
2021-02-12,257084,157684,20668,8407,4454,30.58,35.4
2021-02-19,257096,152715,18688,7207,3932,35.67,38.84
2021-02-26,243472,142996,18759,8148,3788,29.88,37.75
2021-03-05,231603,137492,18672,8726,4487,26.54,30.64
2021-03-12,232075,137747,18933,8442,4028,27.49,34.2
2021-03-19,232279,141553,18702,8616,3592,26.96,39.41
2021-03-26,230544,144095,20313,8891,4113,25.93,35.03
2021-04-02,234588,145547,19236,8781,3664,26.72,39.72
2021-04-09,234897,143464,20328,8944,4128,26.26,34.75
2021-04-16,234982,142391,18762,9104,3854,25.81,36.95
2021-04-23,235074,139049,20395,8877,4330,26.48,32.11
2021-04-30,235811,136153,19691,8864,4125,26.6,33.01
2021-05-07,236189,134419,17483,8800,3968,26.84,33.88
2021-05-14,234226,132095,19272,9224,4058,25.39,32.55
2021-05-21,232481,129082,19956,9479,4461,24.53,28.94
2021-05-28,233980,132802,19140,9146,3813,25.58,34.83
2021-06-04,241026,137214,17713,8480,3413,28.42,40.2
2021-06-11,242980,136191,20571,9360,4336,25.96,31.41
2021-06-18,240050,137945,20751,9440,3947,25.43,34.95
2021-06-25,241572,137076,20902,9173,4170,26.34,32.87
2021-07-02,235497,138692,21547,10043,3840,23.45,36.12
2021-07-09,236535,142349,19303,9283,3164,25.48,44.99
2021-07-16,236414,141000,20581,9295,3925,25.43,35.92
2021-07-23,234161,137912,21123,9325,4356,25.11,31.66
2021-07-30,228870,138744,21168,9775,3618,23.41,38.35
2021-08-06,227469,140511,19514,9430,3734,24.12,37.63
2021-08-13,228165,137814,21463,9333,4323,24.45,31.88
2021-08-20,225924,138459,21817,9572,4104,23.6,33.74
2021-08-27,227214,136727,22820,9578,4390,23.72,31.15
2021-09-03,219999,133586,19954,9608,3685,22.9,36.25
2021-09-10,218142,131897,19911,8892,3795,24.53,34.76
2021-09-17,221616,129343,21145,8896,4424,24.91,29.24
2021-09-24,221809,129727,20391,9399,3973,23.6,32.65
2021-10-01,225065,129331,21526,9427,4365,23.87,29.63
2021-10-08,223107,129307,19875,9186,3932,24.29,32.89
2021-10-15,217739,125394,21832,9634,4278,22.6,29.31
2021-10-22,215746,124962,19832,9323,3869,23.14,32.3
2021-10-29,214258,127122,19997,9504,3686,22.54,34.49
2021-11-05,212703,124509,19290,9259,4280,22.97,29.09
2021-11-12,211996,123685,21629,9241,4350,22.94,28.43
2021-11-19,211393,121717,21752,9334,4391,22.65,27.72
2021-11-26,215422,123877,20222,8796,4209,24.49,29.43
2021-12-03,219304,126610,19837,8963,3578,24.47,35.39
2021-12-10,218585,123758,23191,9472,4896,23.08,25.28
2021-12-17,224118,124154,20454,8986,3822,24.94,32.48
2021-12-24,222659,122428,22218,9724,4051,22.9,30.22
2021-12-31,232787,126846,19665,8172,3739,28.49,33.93
2022-01-07,240748,129383,20829,7906,3749,30.45,34.51
2022-01-14,246621,127952,21915,8224,4556,29.99,28.08
2022-01-21,247918,125154,22417,8505,4754,29.15,26.33
2022-01-28,250037,122744,21410,8226,4669,30.4,26.29
2022-02-04,248393,121814,21881,9126,4296,27.22,28.36
2022-02-11,247061,120262,22741,8570,4321,28.83,27.83
2022-02-18,246479,119678,21483,8657,4233,28.47,28.27
2022-02-25,246011,119104,20830,8743,4450,28.14,26.76
2022-03-04,244606,113874,21210,8962,4587,27.29,24.83
2022-03-11,240991,114206,20652,8944,3704,26.94,30.83
2022-03-18,238043,112135,21124,8637,4516,27.56,24.83
2022-03-25,238828,113530,19874,8499,3804,28.1,29.84
2022-04-01,236787,114301,19815,8562,3647,27.66,31.34
2022-04-08,233139,111399,18771,8736,3484,26.69,31.97
2022-04-15,232378,108735,19033,8868,3822,26.2,28.45
2022-04-22,230805,107286,19821,8739,3834,26.41,27.98
2022-04-29,228575,104942,19467,8856,3956,25.81,26.53
2022-05-06,224968,104029,19231,8702,3777,25.85,27.54
2022-05-13,220189,105264,19661,9027,3816,24.39,27.58
2022-05-20,219707,106921,19684,8798,3867,24.97,27.65
2022-05-27,218996,106392,19512,8977,3969,24.4,26.81
2022-06-03,218184,108984,20227,9199,3650,23.72,29.86
2022-06-10,217474,109709,19703,9093,3619,23.92,30.31
2022-06-17,218963,109842,19904,8505,3862,25.75,28.44
2022-06-24,221608,112401,19997,8922,3568,24.84,31.5
2022-07-01,219112,111135,20464,9413,4382,23.28,25.36
2022-07-08,224937,113803,18720,8062,3368,27.9,33.79
2022-07-15,228435,112508,21025,8521,3697,26.81,30.43
2022-07-22,225131,111724,19976,9245,3750,24.35,29.79
2022-07-29,225294,109324,19948,8541,3877,26.38,28.2
2022-08-05,220316,111490,19474,9123,3724,24.15,29.94
2022-08-12,215674,112256,21221,9348,3925,23.07,28.6
2022-08-19,215647,111594,19339,8434,3888,25.57,28.7
2022-08-26,214475,111706,20073,8591,3566,24.97,31.33
2022-09-02,214808,111801,19892,8727,3624,24.61,30.85
2022-09-09,213040,116020,19313,8494,3132,25.08,37.04
2022-09-16,214610,117250,18938,8322,3409,25.79,34.39
2022-09-23,212188,114359,20770,8825,4178,24.04,27.37
2022-09-30,207460,110916,20831,9465,4105,21.92,27.02
2022-10-07,209482,106063,19271,8276,4370,25.31,24.27
2022-10-14,209368,106187,20761,8678,4072,24.13,26.08
2022-10-21,207890,106357,20587,8930,3878,23.28,27.43
2022-10-28,206633,106784,20481,8660,4257,23.86,25.08
2022-11-04,205733,106263,21267,9011,4161,22.83,25.54
2022-11-11,207940,107383,21087,8742,3863,23.79,27.8
2022-11-18,210998,109101,19878,8327,3846,25.34,28.37
2022-11-25,213768,112648,19717,8317,3656,25.7,30.81
2022-12-02,219087,118807,19626,8358,3550,26.21,33.47
2022-12-09,223583,120171,19956,8255,3768,27.08,31.89
2022-12-16,226113,119929,20924,8714,4015,25.95,29.87
2022-12-23,223008,120212,22822,9327,3880,23.91,30.98
2022-12-30,222662,118785,18190,7514,2799,29.63,42.44
2023-01-06,226776,117716,17627,7558,3821,30.0,30.81
2023-01-13,230259,115777,20314,8054,4024,28.59,28.77
2023-01-20,232022,115270,19447,8142,3878,28.5,29.72
2023-01-27,234598,117590,20106,8491,3692,27.63,31.85
2023-02-03,239606,120522,20536,8428,3762,28.43,32.04
2023-02-10,241922,119237,19302,8274,3894,29.24,30.62
2023-02-17,240066,121935,20218,8910,3771,26.94,32.33
2023-02-24,239192,122114,20413,9112,3835,26.25,31.84
2023-03-03,238058,122252,19049,8562,3514,27.8,34.79
2023-03-10,235997,119715,19113,8594,3736,27.46,32.04
2023-03-17,229598,116402,20026,8960,3974,25.62,29.29
2023-03-24,226694,116683,20476,9145,3713,24.79,31.43
2023-03-31,222575,113051,20599,9295,4240,23.95,26.66
2023-04-07,222245,112445,19055,8936,3763,24.87,29.88
2023-04-14,223544,112090,19317,8519,3765,26.24,29.77
2023-04-21,221136,111513,20208,9511,3728,23.25,29.91
2023-04-28,222878,110323,19805,8618,3872,25.86,28.49
2023-05-05,219711,106153,20164,9303,4035,23.62,26.31
2023-05-12,218330,106233,19558,8908,3736,24.51,28.43
2023-05-19,216277,105672,20701,9437,4198,22.92,25.17
2023-05-26,216070,106657,19442,9098,3646,23.75,29.25
2023-06-02,218815,111731,19221,9218,3814,23.74,29.29
2023-06-09,220923,113854,20408,9193,3574,24.03,31.86
2023-06-16,221402,114288,20925,9375,3978,23.62,28.73
2023-06-23,222005,114411,20306,9306,3314,23.86,34.52
2023-06-30,219456,113366,21235,9599,3811,22.86,29.75
2023-07-07,219452,118181,18701,8756,2969,25.06,39.8
2023-07-14,218386,118194,20767,8855,3669,24.66,32.21
2023-07-21,217600,117949,21276,8939,3718,24.34,31.72
2023-07-28,219081,117153,20023,8838,3826,24.79,30.62
2023-08-04,216420,115447,20727,9302,3762,23.27,30.69
2023-08-11,216158,115743,21663,8851,3648,24.42,31.73
2023-08-18,217626,116688,21165,8910,3836,24.42,30.42
2023-08-25,217412,117923,21429,9068,3702,23.98,31.85
2023-09-01,214746,118602,20203,9321,3866,23.04,30.68
2023-09-08,220307,122533,20991,8307,3578,26.52,34.25
2023-09-15,219476,119666,20914,8410,4166,26.1,28.72
2023-09-22,220503,120064,20141,8619,3972,25.58,30.23
2023-09-29,226984,118795,19157,8014,3815,28.32,31.14
2023-10-06,225671,116958,19666,8581,3670,26.3,31.87
2023-10-13,223301,113773,21897,8943,4416,24.97,25.76
2023-10-20,223457,112087,20102,8864,4069,25.21,27.55
2023-10-27,223522,111295,19869,8697,3682,25.7,30.23
2023-11-03,217210,108001,21722,9492,4298,22.88,25.13
2023-11-10,215670,106579,20080,8949,4109,24.1,25.94
2023-11-17,216420,105561,20042,8480,4110,25.52,25.68
2023-11-24,218184,110778,18917,8206,3014,26.59,36.75
2023-12-01,223604,112045,19611,8466,3756,26.41,29.83
2023-12-08,224013,113539,21079,8859,3770,25.29,30.12
2023-12-15,226723,115024,20785,8754,3823,25.9,30.09
2023-12-22,226054,115765,21415,9168,3977,24.66,29.11
2023-12-29,236954,125855,19059,7954,2658,29.79,47.35
2024-01-05,244982,132383,19605,8325,3432,29.43,38.57
2024-01-12,248065,134753,19869,8269,3645,30.0,36.97
2024-01-19,252977,133336,19556,7880,3784,32.1,35.24
2024-01-26,254134,130795,20119,8144,3757,31.21,34.81
2024-02-02,250988,127574,20227,8807,3817,28.5,33.42
2024-02-09,247330,125659,19255,8168,3514,30.28,35.76
2024-02-16,247037,121651,18918,8200,3940,30.13,30.88
2024-02-23,244205,121141,19529,8467,3536,28.84,34.26
2024-03-01,239745,117010,20294,9013,4074,26.6,28.72
2024-03-08,234083,117898,20803,9044,3375,25.88,34.93
2024-03-15,230773,118522,19742,8809,3786,26.2,31.31
2024-03-22,232072,117337,19531,8715,4028,26.63,29.13
2024-03-29,227816,116069,21292,9236,3495,24.67,33.21
2024-04-05,228531,117728,19236,8612,2985,26.54,39.44
2024-04-12,227377,114968,19220,8662,3666,26.25,31.36
2024-04-19,226743,116582,19535,8423,3552,26.92,32.82
2024-04-26,227087,115850,20417,8618,3678,26.35,31.5
2024-05-03,228002,116410,20290,8797,3489,25.92,33.36
2024-05-10,227767,116365,20056,8875,3831,25.66,30.37
2024-05-17,226822,116744,20030,9315,3883,24.35,30.07
2024-05-24,228844,119288,19383,9148,3795,25.02,31.43
2024-05-31,230946,122485,20510,8946,3367,25.82,36.38
2024-06-07,233512,123366,19219,9040,3649,25.83,33.81
2024-06-14,231232,121640,21081,9386,3977,24.64,30.59
2024-06-21,233886,121263,20689,8969,3536,26.08,34.29
2024-06-28,231672,119728,21083,9424,3715,24.58,32.23
2024-07-05,229666,124612,20749,9398,3466,24.44,35.95
2024-07-12,232994,128066,19430,8783,3585,26.53,35.72
2024-07-19,227422,125313,21033,9456,3861,24.05,32.46
2024-07-26,223757,126847,20724,9250,3725,24.19,34.05
2024-08-02,225097,127796,19974,8967,3469,25.1,36.84
2024-08-09,222203,126123,20523,9045,3549,24.57,35.54
2024-08-16,220597,122811,20422,9193,3576,24.0,34.34
2024-08-23,218394,123086,21592,9307,3822,23.47,32.2
2024-08-30,219242,122715,20541,8938,3997,24.53,30.7
2024-09-06,221552,125023,19383,8478,3558,26.13,35.14
2024-09-13,221621,125148,19792,8776,3798,25.25,32.95
2024-09-20,220083,122921,21386,9205,4022,23.91,30.56
2024-09-27,221202,121637,19847,8521,3638,25.96,33.44
2024-10-04,214898,118513,21185,9654,4031,22.26,29.4
2024-10-11,212697,114979,20697,8620,4212,24.67,27.3
2024-10-18,213575,113839,20251,8838,4131,24.17,27.56
2024-10-25,210868,112862,21638,9159,3881,23.02,29.08
2024-11-01,211280,115809,19739,8828,3406,23.93,34.0
2024-11-08,206873,114415,21583,9383,4098,22.05,27.92
2024-11-15,208927,114301,19771,8419,3775,24.82,30.28
2024-11-22,212241,114717,20471,8506,3718,24.95,30.85
2024-11-29,214603,118100,19968,8738,3398,24.56,34.76
2024-12-06,219689,121335,20158,8810,3450,24.94,35.17
2024-12-13,222037,118155,20820,8927,4498,24.87,26.27
2024-12-20,223667,116461,21831,9008,4253,24.83,27.38
2024-12-27,231384,122867,18545,8168,3232,28.33,38.02
2025-01-03,237714,128938,19791,8481,3178,28.03,40.57
2025-01-10,243566,132015,20673,8325,3839,29.26,34.39
2025-01-17,245898,128945,19597,8086,4108,30.41,31.39
2025-01-24,248855,123951,21087,8302,4506,29.98,27.51
2025-01-31,251088,118480,21075,8328,4599,30.15,25.76
2025-02-07,248053,118615,19624,8576,3685,28.92,32.19
2025-02-14,247902,116564,19653,8239,4364,30.09,26.71
2025-02-21,248271,120472,20842,8454,4097,29.37,29.4
2025-02-28,246838,119154,20543,8877,3991,27.81,29.86
2025-03-07,241101,117595,21600,9182,3898,26.26,30.17
2025-03-14,240574,114783,19417,8817,4010,27.29,28.62
2025-03-21,239128,114362,19237,8643,3636,27.67,31.45
2025-03-28,237577,114626,20121,8495,3679,27.97,31.16
2025-04-04,235977,111082,19481,8425,4006,28.01,27.73
2025-04-11,234019,109231,19123,8462,3858,27.66,28.31
2025-04-18,229543,106878,20875,9414,3903,24.38,27.38
2025-04-25,225540,107815,19154,9098,3550,24.79,30.37
2025-05-02,225728,106708,19872,8717,3521,25.9,30.31
2025-05-09,224706,103553,19441,8794,3777,25.55,27.42
2025-05-16,225522,104132,20031,8644,3412,26.09,30.52
2025-05-23,223081,103408,20242,9452,3893,23.6,26.56
2025-05-30,228300,107638,19528,8263,3151,27.63,34.16
2025-06-06,229804,108884,19762,9170,3376,25.06,32.25
2025-06-13,230013,109398,20391,9299,3746,24.74,29.2
2025-06-20,227938,105332,20513,9688,3794,23.53,27.76
2025-06-27,232126,103622,20487,8640,4043,26.87,25.63
2025-07-04,229468,102797,20863,9159,3668,25.05,28.03
2025-07-11,232867,106970,19184,8489,3423,27.43,31.25
2025-07-18,231129,109901,21770,8967,3343,25.78,32.87
2025-07-25,228405,113536,21387,9152,3605,24.96,31.49
2025-08-01,227082,112971,20122,9040,3720,25.12,30.37
2025-08-08,226290,113685,21357,9000,3701,25.14,30.72
2025-08-15,223570,116028,21506,8842,3967,25.29,29.25
2025-08-22,222334,114242,21614,9240,4141,24.06,27.59
2025-08-29,218539,115923,20652,9117,3768,23.97,30.77
2025-09-05,219997,120638,19781,8508,3377,25.86,35.72
2025-09-12,217650,124684,20637,8810,3621,24.7,34.43
2025-09-19,216569,122999,20793,8959,3738,24.17,32.91
2025-09-26,220694,123577,20166,8518,3617,25.91,34.17
2025-10-03,219093,121559,21990,8919,4346,24.56,27.97
2025-10-10,218826,117030,19726,8455,4233,25.88,27.65
2025-10-17,216679,115551,20014,8454,3847,25.63,30.04
2025-10-24,210738,112189,21281,8924,3580,23.61,31.34
2025-10-31,206009,111546,20356,8874,3710,23.21,30.07
2025-11-07,205064,110909,20770,9028,4018,22.71,27.6
2025-11-14,207391,111080,20157,8528,3882,24.32,28.61
2025-11-21,209904,112227,20240,8726,3362,24.06,33.38
2025-11-28,214422,114286,20189,8326,3430,25.75,33.32
2025-12-05,220819,116788,21082,8456,4158,26.11,28.09
2025-12-12,225627,118500,20573,9078,3786,24.85,31.3
2025-12-19,228489,118702,20310,8942,4156,25.55,28.56
2025-12-26,234334,123679,19376,8563,3379,27.37,36.6
2026-01-02,242036,129273,19226,8170,3195,29.62,40.46
2026-01-09,251013,129244,21009,8304,4096,30.23,31.55
2026-01-16,256990,132592,20172,7834,3524,32.8,37.63
2026-01-23,257213,132921,20675,8757,4069,29.37,32.67
2026-01-30,257898,127368,21353,8153,4310,31.63,29.55
2026-02-06,259058,124665,21108,8300,4449,31.21,28.02
2026-02-13,255845,120099,21648,8749,4753,29.24,25.27
2026-02-20,254834,120351,21455,8733,3895,29.18,30.9
2026-02-27,253130,120780,19867,8292,3698,30.53,32.66
2026-03-06,249476,119431,21201,9241,4065,27.0,29.38
2026-03-13,244040,116904,21639,8728,4399,27.96,26.58
2026-03-20,241447,119936,20004,8924,3568,27.06,33.61
2026-03-27,240861,117825,20921,8686,4039,27.73,29.17
2026-04-03,239272,114681,20638,8564,4060,27.94,28.25
2026-04-10,232944,111559,20765,9088,3840,25.63,29.05
2026-04-17,228374,108132,19698,9055,4032,25.22,26.82
2026-04-24,222299,103638,21131,9104,4113,24.42,25.2
2026-05-01,219795,102344,19484,8813,3362,24.94,30.44
2026-05-08,215711,102534,19891,8754,3428,24.64,29.91
2026-05-15,214163,102906,20449,8767,3552,24.43,28.97
2026-05-22,211591,100799,20943,9256,3948,22.86,25.53
2026-05-29,214955,102301,20333,8594,3468,25.01,29.5
2026-06-05,215141,102101,20600,8731,3864,24.64,26.42
2026-06-12,214235,103052,20685,9212,3659,23.26,28.16
2026-06-19,216299,106116,20272,8775,3533,24.65,30.04
2026-06-26,213966,108599,20997,9131,3614,23.43,30.05
2026-07-03,212062,103619,20517,8845,4307,23.98,24.06
2026-07-10,210529,108175,19477,8844,3156,23.8,34.28
2026-07-17,211294,109570,20519,8947,3718,23.62,29.47
2026-07-24,211301,110632,20754,9041,3524,23.37,31.39
2026-07-31,209658,107159,20970,9031,3941,23.22,27.19
2026-08-07,208690,107149,20635,8964,3458,23.28,30.99
2026-08-14,209378,105619,19538,8689,3953,24.1,26.72
2026-08-21,206842,103391,20948,9043,3839,22.87,26.93
