claim_id,claim_date,date_precision,speaker,attribution,value_low,value_high,unit,scope,period,commodity,evidence_type,quote,note,source_name,source_url,entered_date,status,resolution_note,resolution_date
c1,2026-08-01,month,"Chris Wright, U.S. Energy Secretary",named,9.0,9.0,mbd,hormuz_outbound,seven_day_average,unspecified,government_estimate,"Nearly 9 million barrels per day leaving through Hormuz, as a seven-day average.","Also reported by Reuters commentary of 2026-08-24.",Anadolu Agency,https://www.aa.com.tr/en/economy/us-energy-chief-says-oil-flows-from-gulf-at-15m-barrels-per-day/4024603,2026-08-26,unverified,,
c2,2026-08-01,month,"Chris Wright, U.S. Energy Secretary",named,15.0,15.0,mbd,regional_total_including_bypass,unspecified,unspecified,government_estimate,"About 15 million barrels per day of total regional flow: roughly 9 through Hormuz plus 5-7 via bypass pipelines and export routes.","Not a Hormuz-only figure; includes bypass routes.",Anadolu Agency,https://www.aa.com.tr/en/economy/us-energy-chief-says-oil-flows-from-gulf-at-15m-barrels-per-day/4024603,2026-08-26,unverified,,
c3,2026-08-19,day,U.S. officials,anonymous,10.0,10.0,mbd,hormuz_outbound,unspecified,unspecified,government_estimate,"About 10 million barrels per day exiting via the strait itself.","Axios described this as roughly half of prewar Hormuz volume.",Axios,https://www.axios.com/2026/08/19/hormuz-iran-oil-gulf-trump,2026-08-26,unverified,,
c4,2026-08-19,day,U.S. officials,anonymous,15.0,20.0,tankers_per_night,ship_transits_in_and_out,nightly,unspecified,government_estimate,"15 to 20 tankers entering and exiting each night in the U.S.-protected corridor.","Inbound plus outbound combined; not equivalent to loaded outbound tankers.",Axios,https://www.axios.com/2026/08/19/hormuz-iran-oil-gulf-trump,2026-08-26,unverified,,
c5,2026-08-01,month,U.S. administration,institutional,15.0,15.0,mbbl_single_day,hormuz_outbound,single_day,unspecified,government_estimate,"A claimed 15 million barrels moved on one particular day.","Exceptional single-day volume claim, not an average rate.",The Wall Street Journal,https://www.wsj.com/business/energy-oil/u-s-says-oil-is-pouring-through-hormuz-trackers-cant-find-it-306faebd,2026-08-26,unverified,,
c6,2026-08-21,day,"Chris Wright, U.S. Energy Secretary",named,8.0,8.0,mbd,hormuz_outbound,seven_day_average,unspecified,government_estimate,"An average of about 8 million barrels of oil per day had left Hormuz over the prior seven days.","Later reading of the same seven-day series as c1; different windows, not a correction.",CBS News live updates,https://www.cbsnews.com/live-updates/iran-war-trump-economic-crackdown/,2026-08-26,unverified,,
c7,2026-09-01,day,"Chris Wright, U.S. Energy Secretary",named,17.0,17.0,mbbl_single_day,hormuz_outbound,single_day,unspecified,government_estimate,"More than 17 million barrels of oil transited the Strait of Hormuz on Monday, a record since the Iran war began in late February.","On Sept. 14, at an IAEA meeting, Wright said the seven-day rolling average ""has been going up and will continue to go up"" and indicated this Sept. 1 total was actually closer to 18 million barrels (per BOE Report/Reuters coverage); that later figure is not itself in quotation marks in available reporting, so it is not entered as its own row — see PR summary.",CNBC,https://www.cnbc.com/2026/09/02/energy-secretary-chris-wright-tells-cnbc-that-more-than-17-million-barrels-of-oil-transited-hormuz-on-monday.html,2026-09-14,unverified,,
c8,2026-09-10,day,"Chris Wright, U.S. Energy Secretary",named,11.0,11.0,mbd,hormuz_outbound,seven_day_average,all_liquids,government_estimate,"Were at the highest since the start of the conflict, just under 11 million barrels a day, seven-day average of oil and oil products going out of the Strait on ship on water.","Made in a Bloomberg TV interview; reported by TASS. ""Just under"" 11 million recorded as 11.0 per existing ledger convention for rounded approximations (cf. c1's ""nearly 9"").",TASS,https://tass.com/economy/2185153,2026-09-14,unverified,,
c9,2026-09-13,day,"Chris Wright, U.S. Energy Secretary",named,10.0,10.0,mbd,hormuz_outbound,seven_day_average,all_liquids,government_estimate,"Over the past seven days, an average of 10 million barrels per day of crude and oil products have moved through the Strait of Hormuz.","Reported by Bloomberg (Sept. 13), alongside Wright cautioning that ""counting on a consensual agreement with Iran today is certainly not a good bet."" Third dated reading of the declining weekly-average series after c8 (Sept. 10, ~11 mb/d); not a correction of c8, a later window of the same moving average.",Bloomberg,https://www.bloomberg.com/news/articles/2026-09-13/us-energy-chief-downplays-chance-of-hormuz-advance-with-iran,2026-09-14,unverified,,
