claim_id,statement_date,speaker,role,agency,attribution,channel,claim_kind,scope,direction,commodity,metric,value_min,value_max,unit,time_basis,averaging_window_days,claim_text,status,supersedes_claim_id,disputes_claim_id,notes,source_publisher,source_date,source_title,source_url
USOF-20260310-01,2026-03-10,Chris Wright,U.S. Energy Secretary,Department of Energy,named,X post (deleted),escort_status,hormuz_only,transit,oil tanker,vessel_escort,,,,event,,Said the U.S. Navy had successfully escorted an oil tanker through Hormuz.,retracted_and_denied,,,Deleted quickly; White House and U.S. officials denied any escort had occurred at that time.,Bloomberg,2026-03-10,"US Didn’t Escort Tanker Through Hormuz, Refuting Wright Post",https://www.bloomberg.com/news/articles/2026-03-10/us-escorted-an-oil-tanker-through-the-strait-of-hormuz-wright
USOF-20260310-02,2026-03-10,Karoline Leavitt,White House Press Secretary,White House,named,press briefing,escort_status,hormuz_only,transit,commercial vessel,vessel_escort,,,,as_of_statement,,Said the U.S. Navy had not escorted a tanker or vessel at that time.,active,,USOF-20260310-01,Same-day White House statement disputing the deleted Wright post; neither statement independently verified.,White House briefing transcript via Rev,2026-03-10,Karoline Leavitt White House Briefing 3/10/26,https://www.rev.com/transcripts/karoline-leavitt-white-house-press-briefing-on-3-10-26
USOF-20260312-01,2026-03-12,Chris Wright,U.S. Energy Secretary,Department of Energy,named,CNBC interview,escort_status,hormuz_only,transit,oil tankers,operational_readiness,,,,forecast,,"Said the U.S. military was not yet ready to escort tankers through Hormuz, but expected readiness relatively soon.",active,,,Context for the March 10 correction.,S&P Global,2026-03-12,US 'not ready' to escort tankers through Strait of Hormuz: Wright,https://www.spglobal.com/energy/en/news-research/latest-news/crude-oil/031226-us-not-ready-to-escort-tankers-through-strait-of-hormuz-wright
USOF-20260325-01,2026-03-25,Karoline Leavitt,White House Press Secretary,White House,named,press briefing,operational_status,hormuz_only,transit,oil tankers,timeline,,,,as_of_statement,,"Said the U.S. was tracking very closely how to get oil tankers through Hormuz, with no specific timeline for free movement.",active,,,,Reuters via Investing.com,2026-03-25,"US tracking closely how to get oil tankers through Strait of Hormuz, White House says",https://www.investing.com/news/commodities-news/us-tracking-closely-how-to-get-oil-tankers-through-strait-of-hormuz-white-house-says-4580658
USOF-20260410-01,2026-04-10,Donald Trump,U.S. President,White House,named,public remarks,forecast,hormuz_only,transit,commercial shipping,reopening_status,,,,forecast,,Said the United States would have the Strait of Hormuz open fairly soon.,active,,,"Qualitative forecast, not a measured flow claim.",Reuters,2026-04-10,Trump says US will have Strait of Hormuz 'open fairly soon',https://www.reuters.com/business/energy/trump-says-us-will-have-strait-hormuz-open-fairly-soon-2026-04-10/
USOF-20260503-01,2026-05-03,U.S. Central Command,official release,CENTCOM,institutional,official release,operational_status,hormuz_only,both,commercial shipping,mission_launch,,,,as_of_statement,,Announced Project Freedom would begin May 4 to restore freedom of navigation for commercial shipping through Hormuz.,active,,,"Mission statement, not a flow measurement.",U.S. Central Command,2026-05-03,U.S. Military Supports Launch of Project Freedom in Strait of Hormuz,https://www.centcom.mil/MEDIA/PUBLIC-RELEASES/Article/4476318/us-military-supports-launch-of-project-freedom-in-strait-of-hormuz/
USOF-20260504-01,2026-05-04,Adm. Brad Cooper,CENTCOM Commander,CENTCOM,named,media conference call,ship_count,hormuz_only,transit,merchant vessels,supported_transits,2,2,vessels,event,,Said U.S. forces had successfully supported transit of two U.S.-flagged merchant vessels through Hormuz.,active,,,Not necessarily oil tankers.,U.S. Central Command,2026-05-04,"Adm. Brad Cooper, CENTCOM Commander, Conducts a Media Conference Call",https://www.centcom.mil/MEDIA/Transcripts/Article/4477143/adm-brad-cooper-centcom-commander-conducts-a-media-conference-call/
USOF-20260510-01,2026-05-10,Chris Wright,U.S. Energy Secretary,Department of Energy,named,Face the Nation interview,forecast,hormuz_only,both,all traffic,free_flow,,,,forecast,,Said the eventual outcome would include free flow of traffic through the Strait of Hormuz.,active,,,Qualitative forecast.,CBS transcript via AOL,2026-05-10,Transcript: Energy Secretary Chris Wright on Face the Nation,https://www.aol.com/articles/transcript-energy-secretary-chris-wright-143434000.html
USOF-20260609-01,2026-06-09,Chris Wright,U.S. Energy Secretary,Department of Energy,named,energy conference,trend,hormuz_only,transit,exports / ship traffic,traffic_trend,,,,recent,,Said traffic through Hormuz was rising very meaningfully compared with recent weeks; gave no numerical figure.,active,,,,The National,2026-06-09,Oil prices drop as US energy chief sees traffic increase in Strait of Hormuz,https://www.thenationalnews.com/business/energy/2026/06/09/oil-prices-drop-as-us-energy-chief-sees-traffic-in-strait-of-hormuz/
USOF-20260610-01,2026-06-10,Donald Trump,U.S. President,White House,named,Oval Office remarks,ship_count,hormuz_only,outbound,oil / commercial ships,ships_single_operation,22,22,ships,single_night,,Said the U.S. had taken 22 ships through at night with no lights as part of a secret operation.,active,,,Exact relationship between the 22 ships and oil cargoes was not specified.,Reuters,2026-06-10,Trump says US will attack Iran 'very hard' and has taken oil through Hormuz,https://www.reuters.com/world/middle-east/trump-iran-were-going-be-attacking-them-very-hard-2026-06-10/
USOF-20260610-02,2026-06-10,Donald Trump,U.S. President,White House,named,Truth Social,cumulative_volume,hormuz_only,outbound,oil,oil_volume,100,,million_barrels,cumulative_since_prior_month,,Said more than 100 million barrels of oil had moved through Hormuz into the open market under the secret U.S. mission.,active,,,Exact start date not stated beyond 'last month.',Trump's Truth archive,2026-06-10,"Donald J. Trump Truth Social post, June 10, 2026",https://trumpstruth.org/?cursor=eyJzdGF0dXNfY3JlYXRlZF9hdCI6IjIwMjYtMDYtMTAgMTA6NTU6MzUiLCJfcG9pbnRzVG9OZXh0SXRlbXMiOmZhbHNlfQ&end_date=&per_page=10&query=&removed=include&sort=desc&start_date=
USOF-20260610-03,2026-06-10,Donald Trump,U.S. President,White House,named,Truth Social,cumulative_ship_count,hormuz_only,both_or_unspecified,commercial ships,commercial_ships,200,,ships,cumulative_since_prior_month,,Said more than 200 commercial ships had safely traveled through Hormuz under the secret U.S. mission.,active,,,Does not specify inbound vs outbound.,Trump's Truth archive,2026-06-10,"Donald J. Trump Truth Social post, June 10, 2026",https://trumpstruth.org/?cursor=eyJzdGF0dXNfY3JlYXRlZF9hdCI6IjIwMjYtMDYtMTAgMTA6NTU6MzUiLCJfcG9pbnRzVG9OZXh0SXRlbXMiOmZhbHNlfQ&end_date=&per_page=10&query=&removed=include&sort=desc&start_date=
USOF-20260611-01,2026-06-11,Pete Hegseth,U.S. Defense Secretary,Department of Defense,named,remarks to reporters,operational_status,hormuz_only,both,commercial shipping,project_freedom_status,,,,as_of_statement,,Said Project Freedom never stopped and had gone underground.,active,,,Operational claim; no volume attached.,USNI News,2026-06-11,U.S. Disables 3 Tankers As Part of Iranian Blockade,https://news.usni.org/2026/06/11/u-s-disables-3-tankers-as-part-of-iranian-blockade-3-mariners-killed-in-tuesday-strike
USOF-20260612-01,2026-06-12,Chris Wright,U.S. Energy Secretary,Department of Energy,named,Bloomberg Energy event,flow_rate,persian_gulf_outbound,outbound,oil,oil_flow_rate,7,7,million_barrels_per_day,current_approximate,,Said roughly 7 million barrels per day of oil were getting out of the Persian Gulf with U.S. military help.,active,,,Preserve Reuters wording 'out of Persian Gulf' rather than forcing Hormuz-only scope.,Reuters,2026-06-12,"US military helping move 7 million barrels of oil per day out of Persian Gulf, Wright says",https://www.reuters.com/business/energy/us-military-helps-move-7-million-barrels-oil-per-day-out-persian-gulf-wright-2026-06-12/
USOF-20260612-02,2026-06-12,Chris Wright,U.S. Energy Secretary,Department of Energy,named,Bloomberg Energy event,flow_rate,iran_exports_via_hormuz,outbound,Iranian crude,oil_flow_rate,0,0,million_barrels_per_day,current_approximate,,Said no Iranian crude was getting out through Hormuz.,active,,,,Reuters,2026-06-12,"US military helping move 7 million barrels of oil per day out of Persian Gulf, Wright says",https://www.reuters.com/business/energy/us-military-helps-move-7-million-barrels-oil-per-day-out-persian-gulf-wright-2026-06-12/
USOF-20260624-01,2026-06-24,Chris Wright,U.S. Energy Secretary,Department of Energy,named,X post / public statement,flow_volume,hormuz_only,transit,oil,oil_volume,20,20,million_barrels,last_24_hours,1,Said 20 million barrels of oil had transited Hormuz in the previous 24 hours.,active,,,Characterized as restoring pre-conflict flows.,Reuters,2026-06-24,"Oil flows through Hormuz Strait close to normal, US energy secretary says",https://www.reuters.com/business/energy/us-energy-secretary-wright-says-20-mln-barrels-oil-exited-hormuz-last-24-hours-2026-06-24/
USOF-20260624-02,2026-06-24,Chris Wright,U.S. Energy Secretary,Department of Energy,named,X post / public statement,ship_count,hormuz_only,both_or_unspecified,all ships,ship_transits,72,72,ships,last_24_hours,1,Said 72 ships had transited Hormuz in the previous 24 hours.,active,,,,Forex Factory mirror of Wright post,2026-06-24,"US Energy Sec Wright: In last 24 hours, 72 ships and 20 million barrels have transited",https://www.forexfactory.com/news/1405625-us-energy-sec-wright-in-last-24-hours
USOF-20260811-01,2026-08-11,Chris Wright,U.S. Energy Secretary,Department of Energy,named,X post,flow_rate,hormuz_only,outbound,oil,oil_flow_rate,9,9,million_barrels_per_day,seven_day_average,7,Said the seven-day average for oil leaving Hormuz was up to almost 9 million barrels per day.,active,,,,Anadolu Agency,2026-08-11,US energy chief says oil flows from Gulf at 15M barrels per day,https://www.aa.com.tr/en/economy/us-energy-chief-says-oil-flows-from-gulf-at-15m-barrels-per-day/4024603
USOF-20260811-02,2026-08-11,Chris Wright,U.S. Energy Secretary,Department of Energy,named,X post,flow_rate,bypass_routes,outbound,oil,oil_flow_rate,5,7,million_barrels_per_day,current_approximate,,Said an additional 5–7 million barrels per day were leaving the region via upgraded pipelines and export facilities.,active,,,Bypass component; not Hormuz flow.,Anadolu Agency,2026-08-11,US energy chief says oil flows from Gulf at 15M barrels per day,https://www.aa.com.tr/en/economy/us-energy-chief-says-oil-flows-from-gulf-at-15m-barrels-per-day/4024603
USOF-20260811-03,2026-08-11,Chris Wright,U.S. Energy Secretary,Department of Energy,named,X post,flow_rate,region_including_bypass,outbound,oil,oil_flow_rate,15,15,million_barrels_per_day,current_average,,"Said total regional oil flows, combining Hormuz and bypass routes, were averaging about 15 million barrels per day.",active,,,Rounded combined total.,Anadolu Agency,2026-08-11,US energy chief says oil flows from Gulf at 15M barrels per day,https://www.aa.com.tr/en/economy/us-energy-chief-says-oil-flows-from-gulf-at-15m-barrels-per-day/4024603
USOF-20260811-04,2026-08-11,Chris Wright,U.S. Energy Secretary,Department of Energy,named,X post,flow_volume,region_including_bypass,outbound,oil,oil_volume,20,,million_barrels,single_day,1,"Said more than 20 million barrels left the Arabian Gulf region on the preceding Sunday, above the pre-war average.",active,,,Single-day regional total; not comparable to a seven-day Hormuz-only rate.,Anadolu Agency,2026-08-11,US energy chief says oil flows from Gulf at 15M barrels per day,https://www.aa.com.tr/en/economy/us-energy-chief-says-oil-flows-from-gulf-at-15m-barrels-per-day/4024603
USOF-20260812-01,2026-08-12,Donald Trump,U.S. President,White House,named,Truth Social,control_status,hormuz_only,both,all shipping,control,,,,as_of_statement,,Said the United States had total control over the Strait of Hormuz.,active,,,"Not a volume claim, but key context.",Reuters via Investing.com,2026-08-12,Trump says US has 'total control' over Strait of Hormuz,https://www.investing.com/news/commodities-news/trump-says-us-has-total-control-over-strait-of-hormuz-4855480
USOF-20260818-01,2026-08-18,Donald Trump,U.S. President,White House,named,Truth Social,operational_status,hormuz_only,both,all shipping,open_status,,,,as_of_statement,,Said Hormuz was open and operating and all water mines had been removed or detonated.,active,,,Qualitative operational claim.,Reuters via Investing.com,2026-08-18,Trump says no talks are taking place with Iran and none are scheduled,https://www.investing.com/news/commodities-news/trump-says-no-talks-are-taking-place-with-iran-and-none-are-scheduled-4865570
USOF-20260819-01,2026-08-19,Two U.S. officials,anonymous U.S. officials,U.S. government,anonymous,Axios sourcing,ship_count,hormuz_only,both,tankers,nightly_tanker_transits,15,20,tankers_per_night,recent_two_weeks,,Said 15–20 tankers had entered and exited the Strait each night through a southern channel along Oman.,active,,,Both directions; not equivalent to loaded outbound tanker count.,Axios,2026-08-19,U.S. conducting stealth operation to transport oil through Hormuz,https://www.axios.com/2026/08/19/hormuz-iran-oil-gulf-trump
USOF-20260819-02,2026-08-19,Two U.S. officials,anonymous U.S. officials,U.S. government,anonymous,Axios sourcing,flow_rate,hormuz_only,outbound,oil,oil_flow_rate,10,10,million_barrels_per_day,current_average,,Said about 10 million barrels of oil per day were being transported out through Hormuz into the global market.,active,,,,Axios,2026-08-19,U.S. conducting stealth operation to transport oil through Hormuz,https://www.axios.com/2026/08/19/hormuz-iran-oil-gulf-trump
USOF-20260819-03,2026-08-19,Two U.S. officials,anonymous U.S. officials,U.S. government,anonymous,Axios sourcing,flow_volume,hormuz_only,outbound,oil,oil_volume,15,20,million_barrels,some_single_nights,1,Said oil moving out on some nights over preceding weeks had reached 15–20 million barrels.,active,,,"Exceptional-night claim, not an average.",Axios,2026-08-19,U.S. conducting stealth operation to transport oil through Hormuz,https://www.axios.com/2026/08/19/hormuz-iran-oil-gulf-trump
USOF-20260819-04,2026-08-19,U.S. official,anonymous U.S. official,U.S. government,anonymous,Axios sourcing,ship_count_and_potential_volume,hormuz_only,both_and_outbound,ships,night_operation,20,,ships,single_night_planned,1,Said more than 20 ships were slated to move in and out on one night.,active,,,"Planned/potential, not confirmed completed flow.",Axios,2026-08-19,U.S. conducting stealth operation to transport oil through Hormuz,https://www.axios.com/2026/08/19/hormuz-iran-oil-gulf-trump
USOF-20260819-04B,2026-08-19,U.S. official,anonymous U.S. official,U.S. government,anonymous,Axios sourcing,ship_count_and_potential_volume,hormuz_only,outbound,oil,night_operation_volume,15,,million_barrels,single_night_planned,1,Said about 15 million barrels were potentially coming out on that planned night.,active,,,Planned/potential volume for the same night operation as USOF-20260819-04; not confirmed completed flow.,Axios,2026-08-19,U.S. conducting stealth operation to transport oil through Hormuz,https://www.axios.com/2026/08/19/hormuz-iran-oil-gulf-trump
USOF-20260819-05,2026-08-19,Donald Trump,U.S. President,White House,named,Axios interview,qualitative_flow,hormuz_only,outbound,oil,flow_characterization,,,,current,,Said there was a tremendous amount of oil coming out of Hormuz.,active,,,Qualitative only.,Axios,2026-08-19,U.S. conducting stealth operation to transport oil through Hormuz,https://www.axios.com/2026/08/19/hormuz-iran-oil-gulf-trump
USOF-20260821-01,2026-08-21,Chris Wright,U.S. Energy Secretary,Department of Energy,named,social media post,flow_volume,hormuz_only,outbound,oil and products,oil_products_volume,15,,million_barrels,single_day,1,Said the U.S. military assisted passage of over 15 million barrels of oil and products through Hormuz on Tuesday.,active,,,Referenced Tuesday was Aug. 18.,CBS News live updates,2026-08-21,"U.S. assisted in getting more than 15 million barrels of oil through Strait of Hormuz in one day, energy chief says",https://www.cbsnews.com/live-updates/iran-war-trump-economic-crackdown/
USOF-20260821-02,2026-08-21,Chris Wright,U.S. Energy Secretary,Department of Energy,named,social media post,flow_rate,hormuz_only,outbound,oil,oil_flow_rate,8,8,million_barrels_per_day,seven_day_average,7,Said an average of about 8 million barrels of oil per day had left Hormuz over the prior seven days.,active,,,"Later reading of the same seven-day series as USOF-20260811-01; different windows, not a correction.",CBS News live updates,2026-08-21,"U.S. assisted in getting more than 15 million barrels of oil through Strait of Hormuz in one day, energy chief says",https://www.cbsnews.com/live-updates/iran-war-trump-economic-crackdown/
USOF-20260821-03,2026-08-21,Chris Wright,U.S. Energy Secretary,Department of Energy,named,social media post,flow_volume,region_including_bypass,outbound,oil,oil_volume,20,20,million_barrels,single_day,1,Said total oil leaving the region on Tuesday was about 20 million barrels when pipeline exports were included.,active,,,Regional total including bypass pipelines.,CBS News live updates,2026-08-21,"U.S. assisted in getting more than 15 million barrels of oil through Strait of Hormuz in one day, energy chief says",https://www.cbsnews.com/live-updates/iran-war-trump-economic-crackdown/
